-- phpMyAdmin SQL Dump
-- version 5.2.0
-- https://www.phpmyadmin.net/
--
-- Host: localhost:8889
-- Generation Time: Jan 20, 2026 at 07:29 AM
-- Server version: 5.7.39-log
-- PHP Version: 8.2.0

SET SQL_MODE = "NO_AUTO_VALUE_ON_ZERO";
START TRANSACTION;
SET time_zone = "+00:00";


/*!40101 SET @OLD_CHARACTER_SET_CLIENT=@@CHARACTER_SET_CLIENT */;
/*!40101 SET @OLD_CHARACTER_SET_RESULTS=@@CHARACTER_SET_RESULTS */;
/*!40101 SET @OLD_COLLATION_CONNECTION=@@COLLATION_CONNECTION */;
/*!40101 SET NAMES utf8mb4 */;

--
-- Database: `taskmentor_standalone`
--

-- --------------------------------------------------------

--
-- Table structure for table `assignments`
--

CREATE TABLE `assignments` (
  `id` int(11) NOT NULL,
  `title` varchar(255) NOT NULL,
  `description` text NOT NULL,
  `due_date` datetime NOT NULL,
  `max_score` int(11) NOT NULL,
  `submission_type` enum('file','text','both') NOT NULL DEFAULT 'both',
  `allowed_file_types` longtext CHARACTER SET utf8mb4 COLLATE utf8mb4_bin,
  `rubric` longtext CHARACTER SET utf8mb4 COLLATE utf8mb4_bin,
  `course_id` int(11) NOT NULL,
  `created_by` int(11) DEFAULT NULL,
  `status` enum('draft','published','completed','removed') NOT NULL DEFAULT 'draft',
  `created_at` datetime NOT NULL,
  `updated_at` datetime NOT NULL
) ENGINE=InnoDB DEFAULT CHARSET=latin1;

--
-- Dumping data for table `assignments`
--

INSERT INTO `assignments` (`id`, `title`, `description`, `due_date`, `max_score`, `submission_type`, `allowed_file_types`, `rubric`, `course_id`, `created_by`, `status`, `created_at`, `updated_at`) VALUES
(1, 'Create a personal portfolio website', '<h3><font size=\"5\" color=\"#000000\"><b>Activity</b></font></h3><p data-start=\"112\" data-end=\"262\"><font color=\"#000000\">Create a&nbsp;<span data-start=\"121\" data-end=\"151\">personal portfolio website</span>&nbsp;that showcases your skills, projects, and contact information using&nbsp;<span data-start=\"220\" data-end=\"259\">HTML, CSS, and basic web interfaces</span>.</font></p><p data-start=\"112\" data-end=\"262\"><font color=\"#000000\"><br></font></p><p data-start=\"264\" data-end=\"380\"><font color=\"#000000\">After completing your design,&nbsp;<span data-start=\"294\" data-end=\"339\"><u>compress (zip)</u> your entire project folder</span>&nbsp;and submit it&nbsp;<span data-start=\"354\" data-end=\"377\">before the deadline.</span></font></p><p><font color=\"#000000\"><br></font></p><h3><font size=\"5\" color=\"#000000\"><b>Task Description</b></font></h3><p><font color=\"#000000\">You are required to&nbsp;<strong>design and develop</strong>&nbsp;a personal portfolio webpage that includes the following interfaces and design elements:</font></p><p><font color=\"#000000\"><br></font></p><h4><font color=\"#000000\">1.&nbsp;<strong>Homepage (Introduction Section)</strong></font></h4><ul><li><p><font color=\"#000000\">Include your name, photo, and a short bio or personal statement.</font></p></li><li><p><font color=\"#000000\">Add navigation links to other sections (About, Projects, Contact).</font></p></li><li><p><font color=\"#000000\"><br></font></p></li></ul><h4><font color=\"#000000\">2.&nbsp;<strong>About Me page</strong></font></h4><ul><li><p><font color=\"#000000\">Write a brief description about yourself (education, goals, skills).</font></p></li><li><p><font color=\"#000000\">Use&nbsp;<strong>CSS styling</strong>&nbsp;to organize content clearly and attractively.</font></p></li></ul><h4><font color=\"#000000\"><br></font></h4><h4><font color=\"#000000\">3.&nbsp;<strong>Projects page</strong></font></h4><ul><li><p><font color=\"#000000\">Display at least&nbsp;<strong>three projects</strong>&nbsp;you have done (real or sample).</font></p></li><li><p><font color=\"#000000\">Use a&nbsp;<strong>table</strong>&nbsp;to organize project names, descriptions, and technologies used.</font></p></li><li><p><font color=\"#000000\"><br></font></p></li></ul><h4><font color=\"#000000\">4.&nbsp;<strong>Contact page</strong></font></h4><ul><li><p><font color=\"#000000\">Create a&nbsp;<strong>contact form page</strong>&nbsp;with the following fields:</font></p><ul><li><p><font color=\"#000000\">Full Name</font></p></li><li><p><font color=\"#000000\">Email Address</font></p></li><li><p><font color=\"#000000\">Message</font></p></li><li><p><font color=\"#000000\">Submit Button</font></p></li></ul></li><li></li><li><p><font color=\"#000000\"><br></font></p></li></ul><h4><font color=\"#000000\">5.&nbsp;<strong>Page Footer</strong></font></h4><ul><li><p><font color=\"#000000\">Add copyright information and social media links.</font></p></li><li><p><font color=\"#000000\"><br></font></p></li></ul><h3><font size=\"5\" color=\"#000000\"><b>Interfaces to Implement</b></font></h3><p><font color=\"#000000\">Make sure to include these&nbsp;<strong>HTML interfaces</strong>&nbsp;in your design:</font></p><table><thead><tr><th><font color=\"#000000\">Interface</font></th><th><font color=\"#000000\">Description</font></th><th><font color=\"#000000\">Example</font></th></tr></thead><tbody><tr><td><code inline=\"\"><font color=\"#000000\">&lt;div&gt;</font></code></td><td><font color=\"#000000\">Generic container for grouping elements&nbsp;</font></td><td><code inline=\"\"><font color=\"#000000\">&lt;div class=\"container\"&gt;&lt;/div&gt;</font></code></td></tr><tr><td><code inline=\"\"><font color=\"#000000\">&lt;section&gt;&nbsp;</font></code></td><td><font color=\"#000000\">Defines thematic grouping of content</font></td><td><code inline=\"\"><font color=\"#000000\">&lt;section id=\"about\"&gt;&lt;/section&gt;</font></code></td></tr><tr><td><code inline=\"\"><font color=\"#000000\">&lt;article&gt;</font></code></td><td><font color=\"#000000\">Independent content unit</font></td><td><code inline=\"\"><font color=\"#000000\">&lt;article&gt;&lt;h3&gt;My Project&lt;/h3&gt;&lt;/article&gt;</font></code></td></tr><tr><td><code inline=\"\"><font color=\"#000000\">&lt;table&gt;</font></code></td><td><font color=\"#000000\">Displays tabular data</font></td><td><code inline=\"\"><font color=\"#000000\">&lt;table&gt;&lt;tr&gt;&lt;td&gt;Project 1&lt;/td&gt;&lt;/tr&gt;&lt;/table&gt;</font></code></td></tr><tr><td><code inline=\"\"><font color=\"#000000\">&lt;form&gt;</font></code></td><td><font color=\"#000000\">Collects user input</font></td><td><code inline=\"\"><font color=\"#000000\">&lt;form&gt;&lt;input type=\"text\" name=\"name\"&gt;&lt;/form&gt;</font></code></td></tr></tbody></table><h3><font color=\"#000000\"><br></font></h3><h3><b><font color=\"#000000\">Design Requirements</font></b></h3><ul><li><p><font color=\"#000000\">Apply&nbsp;<strong>CSS styling</strong>&nbsp;(colors, margins, fonts, hover effects).</font></p></li><li><p><font color=\"#000000\">Use a&nbsp;<strong>consistent color theme and layout</strong>&nbsp;across all sections.</font></p></li><li><p><font color=\"#000000\">Ensure your site is&nbsp;<strong>responsive</strong>&nbsp;on both desktop and mobile devices.</font></p></li><li><p><font color=\"#000000\">Include&nbsp;<strong>comments</strong>&nbsp;in your code to describe main parts.</font></p></li></ul><h3><font color=\"#000000\"><br></font></h3><div><h3><font size=\"5\" color=\"#000000\"><b>Output Examples</b></font></h3></div><p><font color=\"#000000\">Your portfolio page should include:</font></p><ul><li><p><font color=\"#000000\">Navigation bar</font></p></li><li><p><font color=\"#000000\">Profile image</font></p></li><li><p><font color=\"#000000\">Sections (About, Projects, Contact)</font></p></li><li><p><font color=\"#000000\">Styled table for project listing</font></p></li><li><p><font color=\"#000000\">Functional contact form</font></p></li></ul><div><b id=\"docs-internal-guid-379a72b6-7fff-5b63-a8f1-fca4d9d6ac75\"><font color=\"#000000\"><br></font></b></div>', '2025-10-22 23:30:00', 100, 'both', NULL, NULL, 1, 1, 'completed', '2025-10-20 13:12:22', '2025-10-24 14:39:34'),
(2, 'Implement Web Components (Table & Form)', '<h3 data-start=\"1540\" data-end=\"1552\"><p data-start=\"397\" data-end=\"657\"><font color=\"#000000\"><strong data-start=\"397\" data-end=\"411\">Objective:</strong><br data-start=\"411\" data-end=\"414\">\nDesign and implement <strong data-start=\"435\" data-end=\"457\">two web components</strong> — a table and a form — that follow the given descriptions. Apply proper layout, colors, spacing, and alignment to make the components visually appealing and consistent with a styled webpage.</font></p>\n</h3><h3 data-start=\"664\" data-end=\"684\"><strong data-start=\"668\" data-end=\"684\"><font color=\"#000000\"><br></font></strong></h3><h3 data-start=\"664\" data-end=\"684\"><strong data-start=\"668\" data-end=\"684\"><font color=\"#000000\">Instructions</font></strong></h3><h3 data-start=\"1540\" data-end=\"1552\"><ol data-start=\"686\" data-end=\"1019\" style=\"list-style-type: lower-alpha; margin-left: 25px;\">\n<li data-start=\"782\" data-end=\"829\"><font color=\"#000000\"><span style=\"font-size: inherit; font-weight: inherit;\">Create a new&nbsp;</span><span data-start=\"702\" data-end=\"726\" style=\"font-size: inherit; font-weight: inherit;\">HTML and CSS project</span><span style=\"font-size: inherit; font-weight: inherit;\">.</span></font></li><li data-start=\"782\" data-end=\"829\"><font color=\"#000000\">Implement both components described below.</font></li><li data-start=\"782\" data-end=\"829\"><font color=\"#000000\">Use <span data-start=\"837\" data-end=\"862\" style=\"font-size: inherit; font-weight: inherit;\">CSS layout techniques</span><span style=\"font-size: inherit; font-weight: inherit;\"> such as </span><strong data-start=\"871\" data-end=\"882\" style=\"font-size: inherit;\">Flexbox</strong><span style=\"font-size: inherit; font-weight: inherit;\"> or </span><strong data-start=\"886\" data-end=\"894\" style=\"font-size: inherit;\">Grid</strong><span style=\"font-size: inherit; font-weight: inherit;\"> for alignment and spacing.</span></font></li><li data-start=\"782\" data-end=\"829\"><font color=\"#000000\">Ensure your design is <strong data-start=\"949\" data-end=\"984\" style=\"font-size: inherit;\">clean, readable, and consistent</strong><span style=\"font-size: inherit; font-weight: inherit;\"> in style (fonts, colors, margins).</span></font></li></ol><div><font color=\"#000000\"><br></font></div></h3><h3 data-start=\"1540\" data-end=\"1552\"><font color=\"#000000\"><b>Tip</b></font></h3>\n<p data-start=\"1553\" data-end=\"1576\"><font color=\"#000000\">Pay close attention to:</font></p>\n<ol style=\"list-style-type: lower-alpha; margin-left: 25px;\"><li><font color=\"#000000\">Alignment and spacing</font></li><li><font color=\"#000000\">Font styles and colors</font></li></ol><div><font color=\"#000000\"><br></font></div><div><h3 data-start=\"1026\" data-end=\"1067\"><strong data-start=\"1030\" data-end=\"1067\"><font color=\"#000000\">Component 1: Student Grades Table</font></strong></h3>\n<p data-start=\"1069\" data-end=\"1132\"><font color=\"#000000\">Create a table to display students and their grades as follows:</font></p></div><div><font color=\"#000000\"><b><br></b></font></div><div><span id=\"docs-internal-guid-8b4437bf-7fff-88ac-0fae-f3c80b20e54c\"><span id=\"docs-internal-guid-58e64771-7fff-ce41-1bb6-7cfd169a2414\" style=\"font-weight: bold;\"><span id=\"docs-internal-guid-0895260f-7fff-645a-a597-09d11924b1a3\" style=\"font-weight: bold;\"><span id=\"docs-internal-guid-ed9e2c27-7fff-2f54-408b-96ab8c0e7188\" style=\"font-weight: bold;\"><font color=\"#000000\" style=\"\"><div dir=\"ltr\" align=\"left\" style=\"\"><table><colgroup><col width=\"213\"><col width=\"203\"></colgroup><tbody><tr><td><p dir=\"ltr\"><span style=\"font-weight: normal;\">Grade</span></p></td><td><p dir=\"ltr\"><span style=\"font-weight: normal;\">Students</span></p></td></tr><tr><td rowspan=\"2\"><p dir=\"ltr\"><span style=\"font-weight: normal;\">G1</span></p></td><td><p dir=\"ltr\"><span style=\"font-weight: normal;\">TUNGA</span></p></td></tr><tr><td><p dir=\"ltr\"><span style=\"font-weight: normal;\">ISHIMWE</span></p></td></tr><tr><td rowspan=\"2\"><p dir=\"ltr\"><span style=\"font-weight: normal;\">G2</span></p></td><td><p dir=\"ltr\"><span style=\"font-weight: normal;\">Kenny</span></p></td></tr><tr><td><p dir=\"ltr\"><span style=\"font-weight: normal;\">Brian</span></p></td></tr><tr><td colspan=\"2\"><p dir=\"ltr\"><span style=\"font-weight: normal;\">Note: G1 - Grade 1, G2: Grade 2</span></p></td></tr></tbody></table></div><br></font></span></span></span></span></div><div><b><font color=\"#000000\"><br></font></b></div><div><h3 data-start=\"1417\" data-end=\"1463\"><strong data-start=\"1421\" data-end=\"1463\"><font color=\"#000000\">Component 2: Student Registration Form</font></strong></h3>\n<p data-start=\"1465\" data-end=\"1522\"><font color=\"#000000\">Design a form that allows entering basic student details.</font></p>\n<p data-start=\"1524\" data-end=\"1546\"><strong data-start=\"1524\" data-end=\"1546\"><font color=\"#000000\">Fields to include:</font></strong></p><p data-start=\"1524\" data-end=\"1546\"><strong data-start=\"1524\" data-end=\"1546\"><font color=\"#000000\"><br></font></strong></p></div><p><ol style=\"list-style-type: lower-alpha; margin-left: 25px;\"><li><font color=\"#000000\">First Name</font></li><li><font color=\"#000000\">Last Name</font></li><li><font color=\"#000000\">Gender: choose one from (Male, Female)</font></li><li><font color=\"#000000\">Social Media: choose more than one from (Facebook, Instagram, LinkedIn, X.com)<br></font></li></ol></p>\n<p data-start=\"1672\" data-end=\"1805\" data-is-last-node=\"\" data-is-only-node=\"\"></p>', '2025-10-22 23:30:00', 100, 'both', NULL, NULL, 1, 1, 'completed', '2025-10-20 13:52:10', '2025-10-24 14:39:36'),
(3, 'This is the testing assignment', 'This is the testing assignment<font color=\"#000000\">&nbsp;1111</font><div><font color=\"#000000\">This is the testing assignment This is the testing assignment This is the testing assignment&nbsp;</font></div><div><font color=\"#000000\">This is the testing assignment This is the testing assignment This is the testing assignment This is the testing assignment This is the testing assignment This is the testing assignment This is the testing assignment</font></div>', '2025-10-22 00:10:00', 100, 'both', NULL, NULL, 1, 1, 'draft', '2025-10-20 16:16:09', '2025-10-21 22:05:08'),
(4, 'Individual Assignment: Applied User Interface Design Case Study', '<h1 dir=\"ltr\"><b><font size=\"5\" color=\"#000000\">Individual Assignment: Applied User Interface Design Case Study</font></b></h1><h3 dir=\"ltr\"><font color=\"#000000\"><br></font></h3><h2 dir=\"ltr\"></h2><h2 dir=\"ltr\"><b><font size=\"4\" color=\"#000000\">Case Study Instructions</font></b></h2><div><b><font size=\"4\" color=\"#000000\"><br></font></b></div><h3 dir=\"ltr\"><b><font color=\"#000000\">Step 1 — Choose Two Real Interfaces (15 marks)</font></b></h3><p dir=\"ltr\"><font color=\"#000000\">Select&nbsp;any two&nbsp;digital interfaces you use frequently — for example:</font></p><p dir=\"ltr\"><font color=\"#000000\"><br></font></p><ul><li dir=\"ltr\" aria-level=\"1\"><p dir=\"ltr\" role=\"presentation\"><font color=\"#000000\">A&nbsp;mobile banking app&nbsp;(e.g., BK App, MoMo, EcoCash, PayPal)<br><br></font></p></li><li dir=\"ltr\" aria-level=\"1\"><p dir=\"ltr\" role=\"presentation\"><font color=\"#000000\">A&nbsp;learning platform&nbsp;(e.g., Google Classroom, Moodle, Coursera)<br><br></font></p></li><li dir=\"ltr\" aria-level=\"1\"><p dir=\"ltr\" role=\"presentation\"><font color=\"#000000\">A&nbsp;social or utility app&nbsp;(e.g., Instagram, WhatsApp, Spotify, Gmail)<br><br></font></p></li></ul><p dir=\"ltr\"><font color=\"#000000\">You must analyze&nbsp;two different UI styles&nbsp;— for instance, one using&nbsp;Material Design&nbsp;and another using&nbsp;Flat or Neumorphic&nbsp;style.</font></p><font color=\"#000000\"><br></font><h3 dir=\"ltr\"><b><font color=\"#000000\">Step 2 — Deep UI Element Analysis (20 marks)</font></b></h3><p dir=\"ltr\"><font color=\"#000000\">For each interface:</font></p><ol><li dir=\"ltr\" aria-level=\"1\"><p dir=\"ltr\" role=\"presentation\"><font color=\"#000000\">Identify and categorize at least&nbsp;8–10 key UI elements&nbsp;into:<br><br></font></p></li><ul><li dir=\"ltr\" aria-level=\"2\"><p dir=\"ltr\" role=\"presentation\"><font color=\"#000000\">Input elements<br><br></font></p></li><li dir=\"ltr\" aria-level=\"2\"><p dir=\"ltr\" role=\"presentation\"><font color=\"#000000\">Output/display elements<br><br></font></p></li><li dir=\"ltr\" aria-level=\"2\"><p dir=\"ltr\" role=\"presentation\"><font color=\"#000000\">Helper/structural elements<br><br></font></p></li></ul><li dir=\"ltr\" aria-level=\"1\"><p dir=\"ltr\" role=\"presentation\"><font color=\"#000000\">Create a&nbsp;table or diagram&nbsp;showing each element, its purpose, and whether it follows good design principles.<br><br></font></p></li></ol><p dir=\"ltr\"><font color=\"#000000\">Example format:</font></p><div dir=\"ltr\" align=\"left\"><table><colgroup><col width=\"104\"><col width=\"56\"><col width=\"147\"><col width=\"150\"><col width=\"168\"></colgroup><tbody><tr><td><p dir=\"ltr\"><font color=\"#000000\">UI Element</font></p></td><td><p dir=\"ltr\"><font color=\"#000000\">Type</font></p></td><td><p dir=\"ltr\"><font color=\"#000000\">Purpose</font></p></td><td><p dir=\"ltr\"><font color=\"#000000\">Good Design Practice?</font></p></td><td><p dir=\"ltr\"><font color=\"#000000\">Notes</font></p></td></tr><tr><td><p dir=\"ltr\"><font color=\"#000000\">Login Button</font></p></td><td><p dir=\"ltr\"><font color=\"#000000\">Input</font></p></td><td><p dir=\"ltr\"><font color=\"#000000\">Submits credentials</font></p></td><td><p dir=\"ltr\"><font color=\"#000000\">?</font></p></td><td><p dir=\"ltr\"><font color=\"#000000\">Clear label, strong contrast</font></p></td></tr><tr><td><p dir=\"ltr\"><font color=\"#000000\">Navigation Bar</font></p></td><td><p dir=\"ltr\"><font color=\"#000000\">Helper</font></p></td><td><p dir=\"ltr\"><font color=\"#000000\">Moves between screens</font></p></td><td><p dir=\"ltr\"><font color=\"#000000\">?</font></p></td><td><p dir=\"ltr\"><font color=\"#000000\">Too many options, cluttered</font></p></td></tr></tbody></table></div><font color=\"#000000\"><br></font><h3 dir=\"ltr\"><b><font color=\"#000000\">Step 3 — Principles Evaluation (20 marks)</font></b></h3><p dir=\"ltr\"><font color=\"#000000\">For each interface, analyze how well it follows&nbsp;UI design principles:</font></p><ul><li dir=\"ltr\" aria-level=\"1\"><p dir=\"ltr\" role=\"presentation\"><font color=\"#000000\">Hierarchy<br><br></font></p></li><li dir=\"ltr\" aria-level=\"1\"><p dir=\"ltr\" role=\"presentation\"><font color=\"#000000\">Consistency<br><br></font></p></li><li dir=\"ltr\" aria-level=\"1\"><p dir=\"ltr\" role=\"presentation\"><font color=\"#000000\">Contrast<br><br></font></p></li><li dir=\"ltr\" aria-level=\"1\"><p dir=\"ltr\" role=\"presentation\"><font color=\"#000000\">Alignment<br><br></font></p></li><li dir=\"ltr\" aria-level=\"1\"><p dir=\"ltr\" role=\"presentation\"><font color=\"#000000\">Proximity<br><br></font></p></li><li dir=\"ltr\" aria-level=\"1\"><p dir=\"ltr\" role=\"presentation\"><font color=\"#000000\">Accessibility<br><br></font></p></li><li dir=\"ltr\" aria-level=\"1\"><p dir=\"ltr\" role=\"presentation\"><font color=\"#000000\">Feedback</font></p></li></ul><p dir=\"ltr\"><font color=\"#000000\">Give&nbsp;specific examples&nbsp;(screenshots allowed) and explain&nbsp;how&nbsp;each principle is applied or violated.</font></p><p dir=\"ltr\"><font color=\"#000000\">Example:</font></p><p dir=\"ltr\"><font color=\"#000000\">The “Send” button in WhatsApp uses color contrast (green) to indicate the primary action, showing strong hierarchy and accessibility.</font></p><p dir=\"ltr\"><font color=\"#000000\"><br></font></p><h3 dir=\"ltr\"><b><font color=\"#000000\">Step 4 — Design Style Analysis (15 marks)</font></b></h3><div><b><font color=\"#000000\"><br></font></b></div><p dir=\"ltr\"><font color=\"#000000\">Compare the&nbsp;two design styles&nbsp;you studied:</font></p><ol><li dir=\"ltr\" aria-level=\"1\"><p dir=\"ltr\" role=\"presentation\"><font color=\"#000000\">Identify which uses&nbsp;Flat,&nbsp;Material, or&nbsp;Neumorphic&nbsp;design.<br><br></font></p></li><li dir=\"ltr\" aria-level=\"1\"><p dir=\"ltr\" role=\"presentation\"><font color=\"#000000\">Explain how these styles affect usability, loading time, and visual clarity.<br><br></font></p></li><li dir=\"ltr\" aria-level=\"1\"><p dir=\"ltr\" role=\"presentation\"><font color=\"#000000\">Discuss which one you think is&nbsp;more user-friendly&nbsp;and why.<br><br></font></p></li></ol><p dir=\"ltr\"><font color=\"#000000\">Use references (e.g., from Figma, UXPin, or Google Material Design guidelines).</font></p><font color=\"#000000\"><br></font><h3 dir=\"ltr\"></h3><h3 dir=\"ltr\"><b><font color=\"#000000\">Step 5 — Redesign Challenge (20 marks)</font></b></h3><div><b><font color=\"#000000\"><br></font></b></div><p dir=\"ltr\"><font color=\"#000000\">Pick&nbsp;one&nbsp;of the two apps and&nbsp;redesign one problematic screen.</font></p><p dir=\"ltr\"><font color=\"#000000\">You must:</font></p><ol><li dir=\"ltr\" aria-level=\"1\"><p dir=\"ltr\" role=\"presentation\"><font color=\"#000000\">Identify&nbsp;three usability issues&nbsp;(poor contrast, unclear buttons, bad feedback, etc.).<br><br></font></p></li><li dir=\"ltr\" aria-level=\"1\"><p dir=\"ltr\" role=\"presentation\"><font color=\"#000000\">Propose an improved design (you can sketch, wireframe, or describe).<br><br></font></p></li><li dir=\"ltr\" aria-level=\"1\"><p dir=\"ltr\" role=\"presentation\"><font color=\"#000000\">Justify every change with&nbsp;design principles.<br><br></font></p></li></ol><p dir=\"ltr\"><font color=\"#000000\">Example justification:</font></p><p dir=\"ltr\"><font color=\"#000000\">I increased button size and color contrast to improve accessibility for users with visual impairments (WCAG principle).</font></p><p dir=\"ltr\"><font color=\"#000000\"><br></font></p><h3 dir=\"ltr\"><b><font color=\"#000000\">Step 6 — Reflection &amp; Accessibility Review (10 marks)</font></b></h3><div><b><font color=\"#000000\"><br></font></b></div><p dir=\"ltr\"><font color=\"#000000\">In one page:</font></p><ul><li dir=\"ltr\" aria-level=\"1\"><p dir=\"ltr\" role=\"presentation\"><font color=\"#000000\">Reflect on&nbsp;what you learned&nbsp;about user perception, accessibility, and feedback.<br><br></font></p></li><li dir=\"ltr\" aria-level=\"1\"><p dir=\"ltr\" role=\"presentation\"><font color=\"#000000\">Discuss how designing for&nbsp;disabilities&nbsp;changes your thinking about UI.<br><br></font></p></li><li dir=\"ltr\" aria-level=\"1\"><p dir=\"ltr\" role=\"presentation\"><font color=\"#000000\">Suggest one way your redesigned screen could be inclusive for all users.<br><br></font></p></li></ul><h3 dir=\"ltr\"><b><font color=\"#000000\">Submission Details</font></b></h3><ul><li dir=\"ltr\" aria-level=\"1\"><p dir=\"ltr\" role=\"presentation\"><font color=\"#000000\">Format: PDF or Word document (3–6 pages max)<br></font></p></li><li dir=\"ltr\" aria-level=\"1\"><p dir=\"ltr\" role=\"presentation\"><font color=\"#000000\">Include your name, student ID, and screenshots (if used).</font></p></li></ul>', '2025-10-23 23:30:00', 100, 'both', NULL, NULL, 2, 1, 'published', '2025-10-22 15:22:39', '2025-10-22 15:26:58'),
(5, 'THEORETICAL TEST', '<span id=\"docs-internal-guid-19f801e1-7fff-f9b7-f9ca-26dfece24042\"><h1 dir=\"ltr\" style=\"\"><span style=\"font-size: inherit;\"><b>Section 1: Understanding Web Development (15 marks)</b></span></h1><p dir=\"ltr\" style=\"\">Answer any three (3) questions. Each question carries 5 marks.</p><p dir=\"ltr\" style=\"\"><br></p><ol style=\"\"><li dir=\"ltr\" aria-level=\"1\"><p dir=\"ltr\" role=\"presentation\">1. Web development involves several interconnected layers.<br> a) Briefly describe the role of HTML, CSS, and JavaScript in modern web development.<br> b) Analyze how these three interact during page rendering in a browser.<br><br></p></li><li dir=\"ltr\" aria-level=\"1\"><p dir=\"ltr\" role=\"presentation\">2. Evaluate the impact of web ergonomics on user satisfaction.<br> a) Explain what web ergonomics means in practice.<br> b) Propose two ergonomic design choices you would apply to improve usability on a government information website.<br><br></p></li><li dir=\"ltr\" aria-level=\"1\"><p dir=\"ltr\" role=\"presentation\">3. Browsers are not only viewers but also processors of web content.<br> a) Describe what happens after a user enters a URL and presses Enter.<br> b) Explain how the DOM, CSSOM, and render tree interact to produce the visual output.<br><br></p></li><li dir=\"ltr\" aria-level=\"1\"><p dir=\"ltr\" role=\"presentation\">4. Different browsers may display the same page differently.<br> Discuss the main factors that cause cross-browser inconsistencies and propose two practical methods to minimize them.<br><br></p></li><li dir=\"ltr\" aria-level=\"1\"><p dir=\"ltr\" role=\"presentation\">5. Explain the importance of responsive web design in today’s multi-device environment.<br> Include at least two CSS or design techniques that make a page responsive.<br><br></p></li></ol><h2 dir=\"ltr\" style=\"\"></h2><h2 dir=\"ltr\" style=\"\"><b>Section 2: Understanding HTML (15 marks)</b></h2><p dir=\"ltr\" style=\"\">Answer any three (3) questions. Each question carries 5 marks.</p><p dir=\"ltr\" style=\"\"><br></p><ol style=\"\"><li dir=\"ltr\" aria-level=\"1\"><p dir=\"ltr\" role=\"presentation\">6. Analyze the difference between semantic HTML and non-semantic HTML.<br> Why is semantic structure crucial for accessibility and SEO? Give at least two examples of semantic tags and their correct usage.</p></li></ol><br><ol start=\"2\" style=\"\"><li dir=\"ltr\" aria-level=\"1\"><p dir=\"ltr\" role=\"presentation\">7. Forms are essential for collecting user data.<br> a) Explain the purpose of key attributes such as action, method, name, and required.<br> b) Suggest improvements to this form snippet:<br><br> &lt;form&gt;</p></li></ol><p dir=\"ltr\" style=\"\">&lt;input placeholder=\"Enter name\"&gt;</p><p dir=\"ltr\" style=\"\">&nbsp;&nbsp;<span class=\"Apple-tab-span\">	</span><span class=\"Apple-tab-span\">	</span>&lt;button&gt;Send&lt;/button&gt;</p><p dir=\"ltr\" style=\"\">&nbsp;&nbsp;&lt;/form&gt;</p><ol start=\"3\" style=\"\"><li dir=\"ltr\" aria-level=\"1\"><p dir=\"ltr\" role=\"presentation\">Examine the concept of nesting and hierarchy in HTML.<br> Why does proper nesting matter for both design layout and browser parsing? Illustrate your answer with a valid code example.</p></li></ol><br><ol start=\"4\" style=\"\"><li dir=\"ltr\" aria-level=\"1\"><p dir=\"ltr\" role=\"presentation\">8. Evaluate how HTML attributes (both global and tag-specific) enhance functionality and interactivity of web pages.<br> Provide examples to support your argument.</p></li></ol><p dir=\"ltr\" style=\"\"></p><br><ol start=\"5\" style=\"\"><li dir=\"ltr\" aria-level=\"1\"><p dir=\"ltr\" role=\"presentation\">9. Given the following HTML snippet, identify and correct at least three semantic or structural errors:</p></li></ol><p dir=\"ltr\" style=\"\">&nbsp;&nbsp;&lt;body&gt;</p><p dir=\"ltr\" style=\"\">&nbsp;&nbsp;&nbsp;&nbsp;&lt;div&gt;</p><p dir=\"ltr\" style=\"\">&nbsp;&nbsp;&nbsp;&nbsp;&nbsp;&nbsp;&nbsp;&nbsp;&nbsp;&nbsp;&lt;h5&gt;Main Title&lt;/h1&gt;</p><p dir=\"ltr\" style=\"\">&nbsp;&nbsp;&nbsp;&nbsp;&nbsp;&nbsp;&nbsp;&nbsp;&nbsp;&nbsp;&lt;p&gt;&lt;b&gt;This page explains HTML.&lt;/strong&gt;</p><p dir=\"ltr\" style=\"\">&nbsp;&nbsp;&nbsp;&nbsp;&nbsp;&nbsp;&nbsp;&nbsp;&nbsp;&nbsp;&lt;img alt=Campus src=\"campus.jpg\"&gt;</p><p dir=\"ltr\" style=\"\">&nbsp;&nbsp;&nbsp;&nbsp;&lt;/section&gt;</p><p dir=\"ltr\" style=\"\">&lt;/body&gt;</p><br><br><p dir=\"ltr\" style=\"\"><b>Section 3: Understanding CSS (20 marks)</b></p><p dir=\"ltr\" style=\"\">Answer any four (4) questions. Each question carries 5 marks.</p><p dir=\"ltr\" style=\"\"><br></p><ol style=\"\"><li dir=\"ltr\" aria-level=\"1\"><p dir=\"ltr\" role=\"presentation\">10. Compare and contrast the three main methods of applying CSS (inline, internal, and external).<br> Which method is most maintainable for large-scale projects and why?<br><br></p></li><li dir=\"ltr\" aria-level=\"1\"><p dir=\"ltr\" role=\"presentation\">11. Analyze how the CSS Box Model affects layout design.<br> a) Define each component (content, padding, border, margin).<br> b) Describe a scenario where misunderstanding the box model could distort a page’s layout.<br><br></p></li><li dir=\"ltr\" aria-level=\"1\"><p dir=\"ltr\" role=\"presentation\">12. Flexbox and Grid are modern layout tools.<br> a) Discuss the key differences between Flexbox and Grid.<br> b) Explain when each is more appropriate to use.<br><br></p></li><li dir=\"ltr\" aria-level=\"1\"><p dir=\"ltr\" role=\"presentation\">13. Evaluate the role of media queries in responsive design.<br> Provide an example CSS snippet that changes the layout of a page when the viewport width exceeds 768px.<br><br></p></li></ol><br><ol start=\"5\" style=\"\"><li dir=\"ltr\" aria-level=\"1\" style=\"\"><p dir=\"ltr\" role=\"presentation\">14. Examine the impact of CSS specificity on debugging and maintenance.<br> Provide an example of conflicting CSS rules and explain which one the browser applies and why.<br><br></p></li><li dir=\"ltr\" aria-level=\"1\" style=\"\"><p dir=\"ltr\" role=\"presentation\" style=\"\">15. Consider the principle of separation of concerns in web design.<br> a) Explain how CSS contributes to this principle.<br> b) Discuss how violating it (e.g., through inline styling) can affect collaboration and scalability.</p></li></ol></span>', '2025-10-27 11:55:00', 100, 'both', NULL, NULL, 1, 1, 'completed', '2025-10-27 09:10:17', '2025-10-27 10:05:28');
INSERT INTO `assignments` (`id`, `title`, `description`, `due_date`, `max_score`, `submission_type`, `allowed_file_types`, `rubric`, `course_id`, `created_by`, `status`, `created_at`, `updated_at`) VALUES
(6, 'Create a login page as shown in the image', '<font color=\"#000000\">Create a login page as shown in the image below, but remember to respect proper project structure</font><div><b id=\"docs-internal-guid-ccebe886-7fff-9777-7c33-addad87663cf\"><font color=\"#000000\"></font></b></div><div><span id=\"docs-internal-guid-ccebe886-7fff-9777-7c33-addad87663cf\"><span style=\"font-size: 11pt; font-family: Arial, sans-serif; background-color: transparent; font-variant-numeric: normal; font-variant-east-asian: normal; font-variant-alternates: normal; font-variant-position: normal; font-variant-emoji: normal; vertical-align: baseline; white-space-collapse: preserve;\"><span style=\"border:none;display:inline-block;overflow:hidden;width:350px;height:226px;\"><img src=\"data:image/png;base64,iVBORw0KGgoAAAANSUhEUgAAAV4AAADiCAYAAAAGVK+gAAAQAElEQVR4AexdB4AkRdX+XvekzXt7u5czd8CRgyAgSTCgiKIoUYJIEBQQCYoiQUABfwUMiJjArGQkJ8k5HtzBcVzOu3ub04Tu+r9XPT07Mzu7t8eBAm5ff12vXr169epV1eua6jtw4m6FGcGID0bmwMgcGJkD/7k54GDkGvHAiAdGPDDigf+oB0YC73/U3SONjXhgxAPvWQ/8Bw0bCbz/QWePNDXigREPjHhAPTASeNULIxjxwIgHRjzwH/TASOD9Dzp7pKkRD4x4YEM98MGUHwm8H8xxHenViAdGPPAe9sBI4H0PD86IaSMeGPHAB9MDI4H3gzmuI70a8cC76YER3RvpgZHAu5EOHKk+4oERD4x4YEM9MBJ4N9RjI/IjHhjxwIgHNtIDbzvw+uKjGBtpy0j1EQ+MeGAjPDBS9Z33gE+VxSBro+/1BF7DBoRwC+BDqxnyCuGrKPQxAoz4ARjxATDiA+B97QONdcXxrzAPaF7lMOxrGNIyiDLlF0Hj8CDSI+wRD4x4YMQDH1wPaCwcfu+GEXgNgq12f1QNKumzEI59sw2/8RHJEQ984D0w0sEPiAf649870SFn/UrEHiw4RUHVMQ7cIsDKaOQfwYgvRubAyBx4/88Bh/HW8Q00dUkrlMZGXk5hfWqGQrlhChgRQnnI7n4BfltjhjI0ClkYww9u8CgTIk06Tc4IPIz4YMQHI3PA5zp47yKMW5pqLPPB0AfHEQh4GcY7BQzjWj9YkndTxuY0VdjMgEdR4NWsQ6XajEvhgNa2jCGPelTC5R7YlSiiThkiTkWASBVibjUSbg3iTg3TWpS59RYVkXoMRAN5YwrhNqCKdTYOqmMM9RRD+f8BOA2odsegJjJ2o1BFHVXUVWV98h+w+z/YTnVk4/0T+ld1qb8tqNfmi9JK5gsxBlaOPrYpy0um2fLBxqKC9YpRerzGoMoZgfqxnD57b6IB5ZFRWdSijPEs7lYi4pTDcRJw3DicSAwkII6LiET4Sc2xYByGMYbgBpWnAEZjJRwbPxGEbBRfWprH06wDYUURh3yFQEiLBKlD2mGjEScORSxShkS0GuWxGlRER6OcAacyOg6V0QnMj7eoik5EISYwXwKxidQzEBXkV1LH8DHBtl9JG/oxkbxJ7zqsrWpvnG1puqGI006tw/5aXdFJ9OFEQlNFSGuqUJ5CaYXSITSvCPPvRqr6Ffm6NT84qmL0TeifsL/aZ0VxfjCe5VOP+onjXKFpZCKqBkEl+fmoYD6sY2nNF4M6VZ/OIR0LK09emBbOabadVxbKBCnnY3wsKojK+FhUxgNo/n8FlXH2OUZECU3fa7AxayLjA+NWZALK3XGocMaiLFrPTeQoRJ1auE4VHKmEgzJoDAzgkGZs5KYUjJuAABYOAIUwHXhrSR5Xa8PW9xHQQaHSAoeR3pEIFJAYhLQL3fnGEZUyohoxpw5lkXqiDvGI0qNJaz4fDSV49Uiw3qCgA+LrxWjEGfzjEaYFqEecugfyi+U2Pq/2a1sxZzRirqK+RKo8hZYXIVsvwb7aQWd/NC2z6Wj00/V5dMhXntIhNK8I8+9GqvoV+bo5vtHBYf3CeRKko7P+yabZ/tsy6z/yS/G0LNTh1iPOvKKgHnmaTzAtK0LI0zSEyoR0mNr6nDvW75rmo0in1i/LL7djqH5Q+8ZyAY+lnf0oc8fifwEJ9jOeRTnTcmcs3msoo00JaUBCxqDMaUAZ04SmTh0STg1ihrtfvxwRUw4HcQj/wEJDKCGCwktjZiEnP8ca+dmAdqhQbD37gIgDlzDcRgsiEIlCEKMB3IIjAZNKAMkqRLxqRL1yGleBKCpZUkUpwi8FBmm/EFHD+igBU4M4kVgvamFlwLQANbSlmLdx+bgzCqVQJuTTzpjtWw1Kp2G/tXx9qKWOjUPc1NJ/7zL82jw7h+6TjmUJ0MaaPFCf1DJP+OQPgPI5huxbAqSJMoxCgv5PQMeAPJbZvtO2uCLMM01kUcY0hPJCOpeyntWnC1C4CIeJMsrFzSiuBx1r2uk3IEHEFV4D4kSM9P8CEmYMQsS9Mez7ewUcB45B3Kc9/ijaWG4RzSQQSccRYepkooxvLqImwljGFIax0APEgUMINHXhiAtIsGkFL2NI86FHEMwOuJ1CDmsWMJgXarA8gbAhbVC403WcCFw3jphTifpR0zF53PaYMmo7TKvdBlOqt8aUqq0xOYtJVVuhNLYkvx9TKrfM1Qnr2rR6G0yq2XaYUFm2V5OPrVlX+e8MJqo9ldRpwXZsGuQn2L5ug8m1224ctA3b52022vaJHI93CxM4xhZhGzX0AzGRmDQIAlu2gfoxoLcmXYgJ1VthYsWWmFBFkNZ8IZSvoBzLJxLjq7fE+IotML5yC9bbKodJLLOwY8PxYjpxGNC2J1LnhMotMYG2jGcaQvOTyCuG8lVmHO0eX6V2bIkpo7bFxFEziU0wuW4mptTPwpTRRF0eRm9K3gcTk0ZtghATR2+CCe8ZzMTE0SFm0a5NMbF+U0weMxtTxs3G1LGzMbl+e0xs2JrHRGO40WJgZsyLcFtpYyHywyfjIwhRMGBq2FSQLHXn12T5EJKq1O54XYi4cLnrjdAIRxIYz4k0tmYWRlfMwOiymahLzEBtfDoxzaImMR2jCE1DaH4U5YpRE5uBELWxTUgrpqM6Om0AqqJT0Y9ppEOE/Pz8DFRFiGg/qvPoqjy6mnI5RDdhu4oZCGVq45uwXyFmkZ6Zh1ns6yzUxUthJvkDMSoxk3WKUL4p6sqKsRl5G4pNUV+2eUmMLt8cisHKB+OPLp/NerOpczYaSDdQz5iK2bCwedI23YLlAzGmfItA1tZRekvm87EFxjKoja3cChuCcZVbY3z1NhYTmIYYXx3wxlczrQmgZeOrSQ+BCdXbUlcWqrtqG0ygvGI89Yyz2BbjavqhfC2fULkNA/92mNawEyr43UO4uiLcuDiGH2B8/RATrDURAW/dHn1gwR7ChT4Jx4HzXoLQHg6A40ThOhVwpMKmUZe/4N1q6LHhuNrNMbpiE4hXw35UEnEIN56GfQrgcB/MceUY5+1TwWIMdjmlCvLPd11ul13jwzVggw4ifhQxL8J8HBGvjFtzQTRZh561Bs1NjVjbugZr1622aGxZxXQlVjcvx0pC09XNy5hfhlXMr2laiXysXreS8ityWLNuOenlaGTaRPliNLauQoimtpVoaiXaVqOpba1Fc/saNLevRTPzja2rKbuaMuQxv651LRRtLY0oRkdrE7ramqFpJ8sVSre3N0LRxrStoxGatlKutaUZrW3r0N7RYtHaug4tLSFa0NoaoEX5xWhvpp5SaCE/QHtHK/W2ooNpR1s7FJ1MOzs6sH50oqNd0cU0D51d6Mqis4N0CXR29KIYXZ196OkK0N3dhwBJ9JKv6GPajyT6Or1+dAV0b1ea8gH6ujLoY17TpJYTyS4fyW7PItVtkOopBpDqdgcg3UVeVwQpIklakWKa7owghw7SRIq8Ukh3R5HpJHqi8HtjFhnSmZ44Mj0xZHqZEl5PAqa7nCgrgN9TBp+y6KmCy+OE9u4WvLjwTjyw7EY8sPQWpjfhoWU3W9yz9J+4a8nfiL/j7qXvNP7xLuh8uzb+A3cuVXv+gXsW/5X4SxH+xvzfS+Ddl7178V+gCOxSG9QWtfMG3L/kRjyw5Ddo61iBmKliHE0AInD8OONfFRwkmI2AD/jkGwZxvj2hlzACi/gsYuBURhFKBl6V4YtZkyyylRmEqQ8O31gR10WEb4mIG0NEYmzAhTgZwEllkYSRJOkkxO2H46aZV1Au2gfkQdw+loXoZd2eAOQjmgQieWBe8vTadl3qdJIQAoQwb2UiKTiRNJxoBsJU+SAPSisvmoZYsJwpCEPYNJaGiWWgtNWhdbQPDuswddwM62ag/XLY/zAvLNO2tI6mASgbKYSj9UuBukQoy9RxPCjUvxLKqh6WWd5gqXgcF8JVZJCrqzq0TrbcifgojQz5Xh4ykJLt0hdWlwF0glh4pH0w+hCsxz6I67M+4bIohJCmvBBaV5iHAtlL+VmyMGFbKISBT5FCGMoYx4fhIgBTOKyjKZhS2t4OII5YgBd/2NnSUBPyDKIUc2JZhn0uhsua7BoiMQdJtGDessfRjDmIOo3UvwKOs4pYbRF31iAxAGvJayyEq3nlF8srT8vykJNdTR358pS1ZaVk8+WU3kBZ9i2RD9sOdeT6praE0PabaFs+VDYsz0//U7LNtEdtWMVU+78KcYd2uGsArIG4fXA4d13OEZcxz1HoLBDhkyK8OYV0+pIa3q3yw5O0UmxIHIgIHIep48Jxo8zrVAN8wyCFFIxkU0unAOZz0IBFgLByLMtPc3IMOo4uVgVlgHSeHurUPHWAAcTq0rYIOCzToEeoXluPfGP4IjB9AAh9IVik4DP1RVNFkvkUMuQp0jZNwWM7HmmfOhSGSwrUCdZT2uomz1dQxmTLVMZQRlML7UceDGmDDIwZCCAIXKIBQ5RWaChgqmUWGfZHkc9TWnk+xyUAcvVZFtLwEfIHs8Hapfbl4FlbrW1s3xCWVhs1oKnOHMBLg5vawnbtOHq0SWGYBoAGQa2rgGEd2pXT4bM95RG5ctIqp20WgdOSemEBlbFQfazDAG6DMHXb1KGEEExtBaXzAF6sZTWoPCUtRz+WKEA9of/yU2NSEPYpE+nAwubHsTj1OPxIO9JOFzJOD9FNKN0NT7pgCE3z4aOL2vNgut4ZWeop0M28tlvSBpYNT7az0Fa1nXWL9YZtFOhUWUJlS2Ew2VBXfp3hymrdgbKd9G830QOP4+Sjm/OuCwbc/EE3fyloLIpFoohEEjyKiEGnjQvhH1iAO1XB8C+tP2xpoWYRfWgVpraxCDOObdxwCIzDxSJcoJpysRkuDp/5fFgZlS2CTmbhAgmhrxClAV0CuoBChHmPbSt86GRXaCCwAYPBDBowhEGN7YuFD7vQ2S4Iw3IfHqlCgDYb8kXTrB6+7CAiFoZndD6PX2DtMuQZ2qGgfmoTAuyHBWkTgnVMCPJAGP6KKAZHnTphAV5aDgFvAU2ACAqukNefipWDUEzBJLxFBCKKkDNEKqXLDPttoX0hLeAfdl/Y50L4EGEZoZq0HwF8dnEgoMG1GPQR2Ib635bbvE91bJB8LesHdbLcENb3tEdT33gwpAsAA05fBFqM1sjSgTZtwefYKCxH2KTqUF0KX9uyJUX1OB/jKazofAVzW+5h/1ejz+9g5fCmIm3YZh0+XS7ifDisIwPgUApw+cyHM0BORCjj4D8n6w7LhtAeEZUvhDOgXy774EIGkQ11OXn1hiurdQeTdRDhFIsCTEWicAhmeOsscRh8oxCJQNiuAJQVnV6cBIY8MoQY5u2UkuP8KsWGiGQBpoDjRuA6MU5aIYM3yw1oB4STMR/KC6ATWZGbe5QPb60b0sNL2e4AQbbrZ0E7UAyWBTzwKlUfdCjg0hiNAS4NdUkLpQfepbkDP1iragAAEABJREFU5UKOygdwxIWF/mrgYDp5ENKAy0pOP0yY17QYKpfP0/wg0N/RKCorxVMZ5RdAAntCXigD5dNJHPVglEOa4rYf+bYprfxihHWKUh0EhRXXMksM8tByGzJZ3p9qiLShlRNbUwuarNIBOF9YI6ALe6C8gKP6mKMOXW2cFuytSzhZuPzF5yBSHsO6ntV4dcUjgLMQGWmnB7hOGMTdEKyhtGP95oCCBdAXhLZZmEqBDNT3hMqE6K8jg8r2yxhoPQxiQygXyAwtqzIhwnqw18C+WfaAR2l7B4hZxobIaoVh2qAD6nNu6jojDAH6F+ofP8JusYx5Y+e+6BRAcBmVsIAJOMN5qlUD5NQGnV9BgYooDETI0QcbdxCFwzeCw8DrcGpxA8B2DWghrFWqwMorzxIAmIrqYgpeWsRapIa8VSwHtm9C6FpQnXkQI3DZhsJhkBXfgTC1dmlbXMRGuBRFNYKX2lIIjwskQ3gU8Xmk4oGLi3rJohqVdZm6MNTNB4wtoCreSrMaQBv5AKDyAYKnsRxwt6iw8qxvU/RfRndVWbAxFnDXxjpcAuwF7edT+TbP+oEu8lVG89lylcmHAZ1GGZVXGKUpa9hCMYSWCvn9EKjbjMprG6xgmPq+AX9XMPAAnrA19t26hrRlsrwgpc6St5pGfYVlAtuGx0LeSrMFirBx2lFIk13ipjnk0mqru7+e0BcKgLtUC58aKcdnoJfVeGuNHEszCtb1CeOX0Sfa0R64/O7R6Xdhzoon+CN1CY8X2mEc1a3zx6N0pgCGv6YM/V8Ij/0N5LTcV89aOeX7LAvTkM6QF6C0bCivaca2Pxy9/br66xg7H8N2NVUEeo21MV9WyxRarqnCY/vFyNB+j9DyfHiDyKp8vpzSg8l6JfUa9sPnePeDOpk3/FVs6G8wVRhaoPPAdzjxxOU4x7khc+EwfoDxQIwDu0livGEhaU4WCNvUdGg4hcU6gQCHlZXvw0CoVKF5NSJIXSYuhMZAy1mD84c8Q9BIa3CYKk/IDyAQSyvXUL9dC+QMdausz3oKwzQHW9kUVtVsFkJZYanCbmPVgTnbOCiighQouulThIBDR8KBBmOwriECcfIpZNiGzRt6y9rjM6stElIEGJbpbTg4AaCO04HUwdbBD8HJoRPE2PZUN+0Ny5THOvoCAdN+u7TtAFoXlC8Fw8llWKZAlrZ6VFc+tB1rs9qdB9vP/rwGDo2tGXZXufqeM/SLWqI2FkM9UAomHA9Vli9ARYZtKpQdpkoPBzQLQTdMNkVgXdhX208NkNoQrAybI5G9dZwHgGIcI62qL2DX5arhh+L5q57BEu85+JE2FrE9zp3Az2aAi2Eb0Ta1bYXSPuWoi28uyUNOFj6NyoJzR/JkQjony3JaGciTDsvz05wsVOe7YIPVG+pWHxSD5tE2qJz6U1MFecJ5UAiVNXxQX74s5QvlDH1IMfUv9YBz3eq3qYH2uVCestQBrgVYGfUD15ttg+L6nYaTSKBnu8K54xHCSoyBPJYwzBnOJV3uZPI2xNC3U1g8WIVifjavHWOjIgIRoaoQJAtuOko7RuOgqUVWR4Fc6YxqLV1CLlWH65W5DbiH1DqIHq2jYKPBSs7K+cwpX7NFLlXWEFC3iQj9V1hP9IWmgGRrh2k2u95kKPn8sny6WOlQZcWyyFmK8Nqw6mEtpuurWLqcsZHjgAGgwmHcRTqLsgMUZH+KGld3tREgWosl617G/M67Uen0IONzcZpyrvEIdFHa+qqzGFrA8UfoPaWLZcI89NKMpsT6ZLWcYvZWWquWQiDApxZqwpS3Nak4ZTFsAYJrWHpVVBUx1aQUWATVpalC6VJyygvLNbUgkzcGgy1QQRVgqkkxyIaVCwvAS2kmlq9pELOCZ5j3g1JOvn6+lg0Np1SxhhHlO1RpdxfUKBIaoSX9UC6LISKcZAb2jw3I/TI5ioKqT0FBcDNgizSvsJkNeKh9Nujqm5HnAkLkV1edIfL5OdrnIs3alOMVEV7Gg89FlM8W7vRFg6KFgYgQhiLqOUL7z6y2TeaQt4paX1iCoqynecM3tSFP4fs+bfAD/2Z5TCg81K2Khip/58vUVoVP4xRKg2NjCHp62A0aDqrWVWj94VbUHnP+Ix+D1aWJOX+WlKEybV8xqO3sl3GSiFSksLprAeY0PYyYuxopNHFrkeGvpCgMJ7mRTOkmOG9MFiUFCphcX8OUDXVqWqCiZGb4eoH/IVmOPwa5hGMK9UVWJpwjjALQazh+d1SwH2JJzntwjC2tk06DKRCUoeSVtYDTTO9CEZZZhUWpCupv0jzhoAN5jPWQpSzSpvKqDYOkXUNIqU1B/0sLGcPJmAeuZis4VB0rkPdQ2ZwV2ikLfeQJkczJkH6v3kaNzCLwXdZSP5tucDLQDxukYtDqauQGaSoQ1vWh/YslytCRWYTnlv8dKXcRg24K9m/t2GDrcZZzdDk/CirnZXQBKvJYA8msqSqnGCiQxykpm2XmiYWkmqY6FSGvZEoVb1920EHQ8IK3r5eW0i4+B95ZvvZLgaHiF2VL28AClLhsd/rLOMIFQkF7BawBmSKZQJkaYReQFReaLJYCKdirP2+poJot2bCHVsxH6doqYUcISilKyyl36FKVyEcorakivyygJdfnIB/YoVFE5RUhPz8N+Loww0CcXzoYrW2J2KdtVYR0PnIVVb8ix3iXiI1rQ6xV6ivCzjTVF8IWDuNRSl55A6vaectGC9KBYuvhqO5CGDsaYTU2wLzhL5J4LI6M5+GNJU+gG48i5bTaE0Lw3FU/zsAGX/ad8mHt9admoAib1D5pgWrTdFBQVgaoIHPQCsMsyFMxHBsKtQ4wqKB4oL0FxUNn8uwaWnAIG6hjgA1cd8iNW35dB4EsK2HoK/BTft1+eaefVEqFfPAbLDM+fy5pVW1AxZjquZbheZZNXbi+QqAfboU/hw2jtb7j9WdmCLJQ+vKhP8EMPyrlQ39Wq5582Aa0EUftMVSnAHTDPADwOfl9zn1TgHx9Odp60KM+n/GRlme/zJLBm/3VpwMI5QwXmmFnAqgdrGcXFvovylGYutg2jycM6/gK0j6hZeDxhMKAO2XCVuZPVv1JbdSH/Hqvqa3Hw32fMOxRCN/PQGGyttoUxrZpaJ/Vl31ovhjg6A4EbWHdYlkjPvLHJqB9a7WwjXxwNMjxLYzarOBYGI6bwkcaxs/C2k5a/8FNDvpz3LB+IYI2OTacJ/YDKSX0DtvIb1foa2E/8gHQNxwXUwzlq32ET1sD0H7K2ZWVl/r0Wdr14bkp+PzYCn7NdkwMUTeBpc1P483k/aTL4Hp9cNkf8CONrgeHtuhfG1OozcUQlhvarFA7A/RLabAVEYgImQYqJ5S3cqyrbNGPeixWWQplb6FsAND2frgsL4QYaqNO1U2K5WTQNyTsrXpFpLQNVk7lrWjBQ2if6lSU0psTFqWCvg1H9l3RqyYQhp1VgOMLCMSJaALHNXAcDQRperMC4Ac17TolSDvQ+KB99DmvwfkELYRQVgA++RhwOwM4QzJCcclKCdVnyWwiReNAl2ZL+hOlisSURVCaCowpVaq8EBQd5FaJoOODCBSwA+kC1jAytJKu5dPa6ffX4MBxxvfnKZWXySO13RB57DxSBNA1rmkemxNAICwQkTy26srLvmfIfrskz03DH5/hdKS/jeFIDy0ziC6+8EVSHI8+LrkUXI5rNObjrbanMXfdE0iwPINevhc4JlaFfQzd1GClYdUwpRxff/ZdwGaZo/c479yIi9ENozBm7GgkyssAfXnb0nfwQRu4HBlKSFCt0mqDrk+F0mQPfms1xeAS79kSw/XF0czZJ4x0ZDGvFNh1Ic2UY8Gbee2owrKtzwqmfMDOPcNImmMMTYSq+hsYWj5bai0bZh02oYOqyNbOJkFHQQdgiEuldILoQhedjBaDVVDpwcrWw2d3CmrnGs2vpxIU5LBwiBiT2bnckPTz82uEtGg/OdI2DZnZVHnqnxBWfbbsPZWwi8HQk3gnDFP3FekxUsR4N7L8WeX4Dhz+wlNfx+NRtCVX4dnGW5B2ViEt3fCEO3gdM4u3aYS6iWNua7NfIoLK6gqMG9eAseMbUF1TyTkERCIR9KY7sWrNCixfsRTtnesQL4tDfy3auhv0YEMl5HVuRaJRjBlfz+BeD93xiXAXTQfUjKrGhEnjUFVbOXSbqlpRQv/7nUVXAHyI9HdQpJ+GvcSudksWPZyi/MZl2a6+nYuV6Hyy0FVYXDhIXgdeMbBYNQ3khhxB8MfOUIpqPLR0KDCMVM3UthXF4lY7HcwbsA+HiXIdQH+iECLMZ6G6fAZ/heFPOp9HDkaPFEhr3qgABl6GE1zLNM2VUtbycnXpbeXlBGgC85oVEU3+q6D76frARh4WwBdjQfNh6BPFhhhoWD/ov2rO1mQwDnn5abZ0gxPVoZ4rcB/bcLw4TDKBeLwC3U4LXlnxCFLCj2nSwj71qON5wGB01Da4zVwFbZga2ByiDHqjGODWtTZi+cqlFs1tjQyEo9GX7sWEcdNwwz9uxUMPPIIDP3sQunrabCDMfxGJWIVWfT7f9pFlyuPoQPNWKPvQvBuNoCfVjhUrl2HlqmU20HPLz911HM0ta7F0+WKobeXlCXgcUNVjq3NotD7YDxGxa0PbYdYWv58e7Eppc9mv8EWkAsKHiNi+krS3y7wrgAOx+eKHk2O8BwkdQAV0JuZGrnRHhjJ/w2sM1EY/WhfapcXgpnYpwPNBTRW5WizP0UrkRlA7UgwVGBoiAhGC50wiTMVhPgTzRdVFpIjz388yZm60ESIC4WwWkUF0DcYfRHxQtupRBAKuy7NbSSIeS3B3m8Rrqx7EMjyCKIuN6UUgKZyhHFubsQ+WbuDNeaLzKBaJoDvZhbVNqxlUv4QLz/8hLrzgEuz/qQMZBJeznQx2221XHLD//vjovnti7733sQ1VV1dhzJjRmDB5LMZP5A55VAXGTtD8GCQScYiIzU+cMhY1dZUYN340Jk0eh3ETxiAe54slO29jsRj6Up3YYZud8IMLfoTzzr0IM2fM5u42g87uNhz55a/g/y6/CsccfRw6etowfvwYTJ06EaNG16KuoRYTp4zHhEnjgxdBVifepkvwX7yGazKHjVYGTxL21k2FQl9AllH0cIryG56ldRzPQD/bdrIe5hS0ugwLDaeKwgrpQPANaWkrUfRwVEk/jPBdyjYAh4IKalIdNhpTjroDXUPThrvMQI5q7G14buYTYaq0TxHDUqZWP9umrYYgxZ+TyHIBflojaIuNKMzRTl88KIxQRf7NPG9yVHcWASPLY6K38ugvKLJiQfeY0T4TbJEstY88UiB86B+PlNph4NuXgc+8lqrifhj2hRIs0/IAA6UCeZNrz1A+ALdHpIN6hu2GUNO1lqaKkNZUYegnqtPqzPbbzgxsGctDrwZpKKMSijDPVOcImCqUzkH9osiWabVBoG1CDVVYGa2jhEOtGfqppSEAABAASURBVNqZZHGG8wM8YkjTp+xpAljQ9Axe7boXMbeV499DGUD8GMAwLCJM3/7NH0v2GCGW4Ecdav/rn2/An67/A8674Bx8/9zv4s9/vh5/+dPfbAP33/0AfvmrX+IPv/sj/vrXP1led1cXVq5ejiVLF3JHughNzauxfMUSm+/sbuZo+bl8Y9OqHK076s7eVsTLythvoKKq3OrbetutcMYZp+H000/FrFmbIM2Ph1pw8Je+iDPOOhWHHnKwZrGCO+KFi9/ii2IV1jSuYnuLsGTZIjSvW4vaumruTehb7Zxdw7bKe/RBOzn64FwUXSd2wnJ18KjJ56IOsjo3MvAZTwxlQK+K6Lg7AGXAGWHl+B3GdhmlL0qXLhgeVw0VNsU2WcGAf4QEbzXMs8YZeOyI/sxkKSW4MHytxzqUVVvzAXakEAwm1Ad2XiionQK1GEuoniJIUZ6yKg86Sdu3tOVRqdVBe2w+qCfQvCLIw+YZ1ChrOfk2U4W9LS/Q7jMI+FaflhjomIhQgDAcCQswTxqciJQAu2UBykBYT8H2kIXxqVvBPgT2ME+7TAgGWt9CW1Z4LGEfsvWpMe82CPWGqVG5PIkCkuLIg9GM+rgYrKRmM7F3Pm0Z9hEo0rkQwgbAbJlh/xSg9YCOu0LrWAGay76xn/ZvNPBFZ4hAVmUU7LOTRVDFPrVkADjztS8Ku9DYL7VZ84aHBlDQL+K5AI8ZYhUVWNk1H6+03I1qt50/r1OskSS0hsORdCESaLCNvo2HA4EGqraOFpx15jn4whcORIw71dtv/RceeuhB1NRU40tf+hLO/Na30d7bxJ3mRNQ31GH8hLG2teaWJlx26eW49+578dc//xVfOeZYmz5w3wM45OBDUc5d7Q3/uAn33/sgTjv1dFzzq2tx370P4Nprfostt9iBxxUtKGM/QTvASziXDTgG4oM/ssgJbssjGXzNB37x86vx2CNP4PvfOw9nn/kd3HXH3bj5xlvx5cOPRWPzGvaphmNH39g5z4rvyTucIT6tMxaG40+CQRbg1FQSOvd8kwJ4ZOhnmcLRBxexsX5jPwHKMWfrG+YG3s5A1jvD0eYdETUJ9irdvi0a+iG2E+oEk+3o0PKDlQo4f6DxYjCJfr70k5YqzltmyYdwAIKCYAADmzNkKZRHFMiwaNi3QCRAfhURgcOVISIILoEExPv0ubHWD6P+gPmodTg2PFJQpxkT5byLIWNcRCqq0JFaiTkrb0VEliPNoGzApZPzt9Z4ZxCJ6m4XmDRxMnegEbS1teJHl1yGj33iY/jWGWfgZz/7Gd56awEmNWyGj+/7MRzw2c9giy22tI3festtOONb38In9vsEDjviMFx15ZX44he/iH0/vi9ltkB7zzrsudfu1LUPfnDhBTj66CPx8U/si+NP+CqD8C+oIwHDvul/d4KZ4B7gJ9AvAdPYwALs9KGdsPueu+HMM8/CBRdcgE/tvx8+f9Dn8JMf/5gviXN4JrwGo+qrAPtCZfKevmWAdZZjH0GRkrqEpWCVBT4JJKCzI0tKNi1MOHsKGe9UToOu6vL1YVFoGDjEOnAKW7yeh8r5WkeK9RRV1GKdEIq8Iu2+grMGwt2jIq+4iKTVfNsjB+a1bepUO4qE+7PZcsNdguEkU1ndFYi4EAuB2NTQDIX01yWl8iGYLXnnlwc0PWnb9anT59tZwR0veaEClVNapLA95f03oPYMBLiLNDmE5euzT7s5UFZ9S3CuhGWark8XPQnh2IFPA5eUQSQh6EUb5ix9GN14GWm3CZ4GZ1156L9Uv6Kfs+GU1u/p7LEV//3vf2PJouUYM64Bd979L9x5x13o7e3FmWd/C7fefrMNZKlUCpmUh/b2dhx91DH42L77wqdD7rrzbpz3/fPx+uuvw3FdJPtSMPz1qYp7ewP9Cxa8iW9/+yz8hTvjvt4UdtpxJ5x+2mno7GpFGY8cVNb3fE1AlfA9j7RLAPphyRLZR19fn6U87gJvuPFGXPajyzHvtTcwZkIdDj300KDMyyAa0/9uhUCnYZH7rMz75sEOiLAfWYM15GinQo5hWbZo0ORdC7xhi6KjRvCGHcGwwA+JDUhZx3hcUFbZYPWsGwYUWqdoUR64LgfIWYb1Chtj8KTRZIWVSJa4JctTqYBUivV55ssoD9jUY/eFUPvDGtioS0R0vKlD8kASmtf0/QP9NWLdrW7ji/EdsZy68vVoYMvPl6Y5+Nzlgr6NlvmIlvdgwdpHsdR7AnDS3O3qjIjA1zHVYS6t5O1xOa87O7sxpn48g+sN3EGeiXvuug+9DGyf2u9T+OUvfmF/0m+95Xbo7emjiWKhge9DH9qRZ7MVmP/GG9j/M5/GRRf/AF/72klobmqyf0MilU5bm1wnilRfBtdd/yf87Oe/wJePPAIrVqywu+sxY8ZYmTCw2u6JsgxcN4IJ48dpJhuESdJHfCKa3aU/8vDDOPqYL+M73/029V9nXwqTJozDnrvva/8GRCwRpb1awypVYoPwnhPO9r+4N5xB6zV1ODLrVRIKFBsQ8jUduiE7xCo2DDBwMWIOvoiGsqJQ/eCt5pfk09n6eSyfLM0qSA68CwpUOhRRWlEgEBYOkvbLCviHAy+iKSCiaQjmEV79dULOu5NubDvrq7++cu1VvozShRAVGQy2UF+MLn/bMLjyWCsaN1i+bg7e6niCH9OaudtN88VZzvIooP9qkfMQ7+Rlx9DhR7FWbDpzNp547Gn+bP8kJk2egB/+6IdobW2D/qQ/5dRT8NbS16CzhwOP4Nel7QDSmUzOorWr1yDFXbGW6DcXLRAJVmLEjWsWNeWjkUwm2S8glOEKs2Ued7mZjMcPflG43DmvWr3S8mM8K1Yi3EWHgbq3t0/ZFn19vdD6EnEQj9NfyhV9sB16MKDeJ0/azTtrrFIhjOVZfwWkzetDxyZAUYEWEsEokHinbgcepAgRfhAJ+TAZGE5ak7fFMZzkhjIW7JMpAnSKOR5god3h7pE7Dp0ohruEAgilHRe+ImuJz5Tf5jAQPi31CJ/yWk+hi8/YiUjVTJn3HNqsDqQNlDY8BzPaDwXtyDDvkwZpsJxaWM8PQMeyezC+AxEXIpIFaQhLAUOBAdAiyub7wgrrbpDQSW/4U9BC67Ndk4MPn7Rn0vzpniEdQPOGnQph9dmHoQ3eAIA1B0JlS0B8+og66AOTh8Afgd/6afWlbdgudh1Hj23Z/7gMP4551BVY7Fv7Q1+Dfg6g+lRHIYJ+0Q7OpWCuMAjZOUN56kVeoMwjoVp8muOrv10fvvQgURFHU/dqPL/mNhh3EXe6aQj97tAG4ccVgYPAN9RNXyMH1cait3mPGl1Ne/pw0EFfwssvv4A331iIE477On57zR8YeFutVv2rYZZgm4Y2RWMxzJv3OneyaWy+2Wz87je/x+cP/AJ+8/vf8gPceGjwdBxBBDVBNT6FPmZiz30NfLDr7FFge5q7Y+FRy8MPPIG1a5pRVV2Js88+kx/kvolfXX0NPvzhXaAunjt3HvTKZIP9Rz/6UZ4dX4wjjzgKRxx+BHfRMTSubcT9D96D2uo6pHikAdorbEaB99SlC07HtB/iKA04PHIUhQCORCEmDpigTOd6MPb61Lngs1cGIkI40D9kDLiD2gPY7weGgRGCgWSgtYYslkFTn09NySp5D1WWV0H9mZfdMHKgm22QUMtK2g8OGsARDlLoNYSdouUloPwQJYrfHyztt+LtWhvW1VQxhB7HwEsKEvHR6PEa8criO+FLE0NtBj7/aE2HqcNxU/rdQG9v0qp94onH+PO8FbM2m4ErrrgCc159hfQmWLFsNW668WZMHj+DO8k4IjEHVZU1+NU1v8Rzz72AMr4wjj3uK/jnP/+JvfbaCxpEGSX4UjXsB3gsECMizNtm7CMRT4ARgvyozevZ7tix47CqaQluuukWdLb34CN7fARX0o6vnXQiRtXV4oknnrRnubA1gkdlZSXOPONMXHfd9fjwrjujs6Mbt9xyiy1M8Nw4neaL0Obe4w9OE6OBU80UPgjeJPQW6B+lLLh+edOfhsvVWJY+hEyF0qXglGL+V3k0eNjtMxjaAFZQRzvPAi4QnXCBLuUF1Nt+5jwV6ipOh6M5tIspXxrQwZWwnurrh/F9DmYAZPuifQ2l81MB/6gupgP4yqBaravAuxg0tKmNBU21KsQ+Sz1CiVJl+byBcsYqHcgPa/n8WV1eUQE94p277BE0y4PIuF3IcGepwZajxpEQIqzxDqc0raerB3W1DXj08X/jcO4a/3T937mbnYelS5firjvux3e/ey5u+9fNNui+8sprePWl17F2bZM1ZPc9d8WvfvlbvPTiK3jmmWdwycUXs6wRLo8JMuwb0I65r87DCy+8gtWr19o6+pg793W89vLrWL58hWZ59JBCa3OHteO7556FCy74Ae69+wG89PIcHn88hV/+/Fc4/NDDkfZTVh6wjsW9996LX//615gzZ449i77s0stw3gXnYlRtPdrWdQCOC2Rl8X6+RI3Xh7A3hAAiYoFhXrlwMkz5IjEpym981lCFBggFyWHdKqtQYU0Nf0YpoD8vLaxWLd4AaJ0i8VBXXqox37apRJF4cVY1KpQv3GIowCuoD/j8GRbCcHkbPULIAwYJmoZ8w/Y1JWnFNO+zrk++b1MN4mHrbJS38pnwfufHkUo3+Fab+bZhF9gT2m1pmmzoFwvyeJNN5nq0h3JWZyjLyKn5Ygh/hivPjTIwxFN4Y80jWJh8Ai7PJ1N+N8Cv9apPdzD5CNW+YymHQUTQ1taBUTX1eOXV53DUMYdhpw9vh6233wL7H/AJ/Okvv0d93VgsXLIYH/vEnthmhy1w/Z9+yw9YH8Pf/nQjKsoqccKxJ2N37lBfe20uampr0Mcz3MbGRmvmPqyj+v5xw59RFq9FRbwGB37hAKv/ql/+BOWxWrS3dtHHgs62HtvWT6+8DPt9+uPYYcdt7RnzN049GctXr0BNTa3V6XOToERHZwdOP+M0bE+5PffeHZf86CIbvHs6k8hwDKHg6Krs+wFDzTKdMw7HKuyHiBQEXsN8gFCiMN3IwKumKQqV5uckP5NPD1qQLzR8WheOIqihNhVjQxvMk1dVdsIoUYygxWE9dfUSxuTpthVDnTaTfTBKMPhy1TOvtMdU5ZgMceuEUDiOQP9ubz5EtF0FgiurLo8T8N9zz42w0PZZOxTqCFPlBfAYWEUE8UQZlre+gblttyEebUfai8AxMS6oQK7wOVBPYfnbz0UiEfR09aKmqg6TJ07FxAmTMWHcJEydPANj6icxMHYj5sZQP3ocJrG8oqwa8+cuwnbbbY+jjj0U/7rrFjz7zLO49tpf22OBeXPn4vo/XofqyjqMGzsR48ZMRGWiDn7G5wcwHw3146D8CgbiDHkifAFxbog40GMGlZ8yaRomjJ+EieMnY9KEKdRVw7PjjO1k+HEtGo3a/Bazt7A2jx87Cd2dfTD0bcRxIarXSrwQXLNhAAAQAElEQVQ/HlLKTMu0j1wpXZWjQ0JjUYiQl586+ZkNoQXanD4dhgemRvOETcFSw7cmQaqkXitHeVs+SKoyRKilWAp258mglE31oNuISmm3+iFGHeVBy0FrAZUBlKtlolm+jYWAfXtzd5gnx8Mb6FVgB3UaQvkhQkcb6qNV1CD8kWrgiWfhs6EAPmiNBUXBeZkDaJtQzjBVaD7Qr9YGOeVrvTAFd7S2xDbMEjauLEMLiuGzVQWtgvbLUMYnTK495K7+/rCUujVv28lJ9BNaVgwtVRcVQ/mloD20YBeCdtgu7Qp8Bmulr3kC7EcwVuELyVYaqJZ2w8rTKXaeqLyCLTHvCIMH70RZHG09yzFn1cOIOB1IG/40ZosCoU7VzfpWj9IKzbPoXbg5/FZrT08fGhvX2Z/pLS0dWLu6iUG3jS9UsOsZdLf3oqWpHWXc5a5tXYRvf/s7eOqx51FeXoVtt9kBlTz7feapF3HJDy+1+iKRGDpaetDW0sWzX3bacgXdXX3U1WODMNhn61ubGuiYtrS0o2ltC1pZr4VHEM2NbUgnPdqgfgB6e/vgZwz0r7ipyi4elzQ3tWIdAfpMOBkNAf0ipwLvWWh/CA6A0F6jc4dZ4ws0NNgsP6IbfrQ27IuvDDicIQ57qYI6V4Q+Q5araenOOqXZQ3HFFoZPj02ATQdG6kDR1TTI0FLleUqDvAHgEqLxpgj5koaDr6B6lAS7my8PyusNOkqMw7gSALTR8PgBXKxBSieBFyOCULGQFNqpHhNDu2i7elr7AFDWoYCmJDWxYBvajpYUg03DMJoaKg6qGOgfH/1/jKXBp0qEGgxYLZthZYRQA3RwYfUYShhLBXlQC2g3lMd+ZEnmfCKQNCqjOetvn91j4OAEM+oTLQuUUvPQN9UPLZBXquOfl90wMmePodW+Rf7TsJOGLzSo7eyDji0oVaoRQ6MtrCz7zYAL0g77D9+1gSsJnn8uuw9teAEpk2Ipg7PTA7FtgBfrkav1AqiBZL8Lt847hVXNuZjJZBgUM/A9j8Pss5c+7WKP/TT5Plpb23k0MRa333UDdttzJxx2yJft34Q4+sjjsMtuO+LW225CXfVYdLR1IuNRj91cWO0w9GM6nUIqnSSdoV7DXrLv4lOAbTEV+s/X/wA/7fBpD7PQdd3OQEwh/Oxnv8BJJ52Cv/zlL5pFc1MLXUT/UFD1W7C+YdCyAu/JB+2lZ5EHw76qqeouo+udGcP14yNFX3nBGoLwD9en9pXlYA72ytdnGQUP1ijIb3xGAhUadALqP/kUGC4mo04gBracNS4sKMoq2+Qcp7kSAsp+hzCkdrWfMG/HkaqYCI4ZBA6judIiZGb7Z0nopTxN3y9QexUbbm9+LcftA7iYHLcaKTeD11Y8glXmZZS7EUC6ATD4wGVqiHfkHr4SNVSRV4PTGnboivjgpT/juzq6UV83gUcR43HXfTfj+r/8Gjff/lfUjWogfxy6OnsQHgmwSsHt5BSHysO0QKwww6CU4Qe7smgN/nXnzbj2t7/EI489xDNi+jOVAUM2rFpkL51wimz2fZFk3WDNztJqd0hKYQe1qASkBA9wSnLfAaZDo0SEDQg25AqCZmGNgGf4ljGFBYPkVN7n0Pt8VSmtwbiUqGrTuJYPmp0nyjY5weybz89jr4+krG3XaAvrE4btl8oXSjrMKgYrZ/F6btVZCK3APtEuX0H/+DzfNOyjligCeZ82sRPKKIFAJtAT0iXE3hFWqJ/mqiMsLI82e57hzktZgS3ra1B12LokPJOEz2gmMQ9LG1/Agu7HYNwmZKQVxkmz/5y3dIEBHxbMr6+Bd7hcOH1CewdTHZaLCI8hOtDV3sdAOwFjGyajYfREpHp98rtQOK/7fUZXsK+mALrDhV7scr8N+XVomJYz0eBbV13P9iagqmIUjzDSXPOA1sMH5WI/C7pCX4tIzqW2WMA8H6CfWMZkyDtY2UOKbGRhYMuwlehEounDlh9UkOtFdSn4m4Bi1j1MC2/lFqNQIsipTEBt2FMn9vpr0Nj1Cg1HZn1KtBcCEQKSFWbKO5vJLkCOgIqGzPdEWmgQ4661SkLC5ob7MMggimhVHE19r2NB292IOY08YuhlIOfPbZ4VieGHIqawQbew7eG28o7IadOKYSgTEXuUoEcKbTyX1TSl/3KN/MGrUzlvFCO/QliWz1Oa80ZE0N3da487+vpSnFVkatn/Ath37WZxj4cTVIcjo7pLQEdjGOySYiWZJZSVYm1YXd3t2uDLKVGoTfWEKCwZkBte9MxWK9ap+WxRUVJY4qP0NoF8u/hhgyLsVVjTsgoeg5frXBERiIQABHlXQSaP/wEhhT9vdDij5bVo6W3C3OUP8FDhreBjmg20dICmCusZ9f/g/nzX3UJzrBmDNjSYbcpXDFqxvyBsIz/tL4VtX8tQ+hIR7nIVgJXFB+xi33lnOxVSYcp1qW+tIlfrrAlQVJDVsoGBV8WpSCclD91Vh9DTwo8VgggDQ5o7Bh+5n/ic4T6NMtxfFELPz6hHFRRBrF6PujIWsEFHZbPdMD75Ws5UAK6jAkDlc/9MVNuhrOrkeZ7oP9tlBQ3ERvXww4nhV21FcKan7QAO++dQzmHWYR/0s5aoPH+aA2Qqsm0ID9sLQTspG+jLts+PCoYIuio2MaAc/eITGdqh8MjzWKwQIWElARHJgn1mmADlDNvNAUKLFIC+aMDxIAWwz8Uw7I9P+/phoLTHL7UKo/q1PmHAP5Q3BHKX9l9tHw7666uOHDgehn0uAFRfrpEcIaRCQO3IQlwDC05J7bMFy8I2WM3ePn2ToQLhOLv639ZNxXgOWcmPUhnMX/4Y1snt6HXTbD2CCG2y44w0ICkiA7B+ALxHL592BfMM6E9Ndn7k80rThvWHe6tsfxuhPl3vCvX9cDW99+Q4Sfj6gILrX1NxOLkEcBgIhNCp4EgUYhKAlcn3B7iO1Dc6HgasSQihFAZcpbkDxIoZQoY2yqTolgHsAYyiGqWzOogeA4QhwAAwUKq03sG4XJNWi6Y5XfZnqtZQ5LiDEBpEBikqYqt3ilhDZIdu29DgfKBgQWldRZ56yge5In7A5FMQfGzT1LG0qMEKAJZG9hpMRbb47SclFGfbH57O/voacNdXR1UbCIOrCycehZ4iLF71FNaknkPUqcsuGGoRBlydJdaHhoyRe9ge+IC5y3Ah6Lyx/SfBmzNIc8JUlLBgVAj2AzpvLCx7vQ9nvRIbKTAwEA9PoYjAFQdCAP0dxXquwSRzwSvfIEeVDaxhyNJ5lJ+GklpdYfO+PktBaytf0xB8fSip7A2AiLD3whpqbAAhB1CabL2zeikKx+X+nIFD+6tFAyDK0YeinxbqFJFgEuXqZxWr2DsKGagtv6mBpQM4Kq59pKnZMuVkSU30pUoIBex4GRe84VQKlra9jrld98GRFTwT9cENOIJfWlqRtvFWagQb4IH/JZ9pX7lWABKaakLaKI3hXXmrd3gVhisVLArDXcZwa5SWM4PueDWQGQaKAGHtouUXsm1quAgNv4RrahmDPFSHoTPzU9CxDsHtERRCPWwcJS9hTf5Uh6NpCJ+iga3ra5+CVM16SsABxIGIWICXgfDZf5scGQRO2PJCGWQv/RsM+rPQgr41RfCZ1zLLz9Z5LyaGxz5GxzMHtVJ9rKkOkUFG/+6oDb4O9L9HG2XQXZd8C3PXPICIswYZ6YboEYSNvIAR/ozM+lnHP9A08vxf9UD/uhroARGBQ+hS15UmItwoKgV7GeYD2OyAhzOA87YZ/Y2uX8VQXVp/7aEkhmNFuGA3+q0wlCHQPhajVIU8i/PIUpKD8RwnqJjrF7Mc98HEc/zg7/Y6DD79UJ7jZPOgopz0u0y8I005WSPV72EQFnhJg8rKcvRmWvDaokfRKS8h5XbCdxIQESJp6xk9u7PUyGPEA4CgxGWZ9pEr1NmWy2SJ4JeWgZgsoygJZ2oRe7BsMJlFtdnDZTC8BDzoBwnmjPgwLOd8hiJogE+VzwP3fmxE6xbCQFD8TUhlg6BC3XaHE6TaegjDnZoFDPWG3CC1DLsDZVvZ1KidVhdL2SBJu8u0fH5k0RSgfFYfzaJgcKvbQ+gO0dpHhk0pYlMq5E2dIMSClC3VVPVbWLvJodk+d2cme4Zrch9KaANtBWFoj/YRTKkodwd1fLZBWbWXumwhx8HWUXnWVx3CNATYlkJ1GhpbDJ/lIQyon3qM6rfKw0Zshm2zJKcDNh+UDHwaylGAN3WQzuWt/qAdamBL1FlUnTUKOFo3B58fNzzONY87V8fljoSi9GlZeQJ+DHh96ZNoMS8jxvFFdsxZg54OxkdoS9C6AV3HyiP3/5YHDLtLcPB1Lui84iSE4Vzxjc4RzkquCcMP0brmfM4XwGFocCjGepQBc8rWlchqYA1i4O0MZA2DQ8OMBlEV1VY05U82u0x0UkObpSHKV0N8loRyWZ4aZDjlDWUDeDTeh6FuK5L/MKpPl0hxqm0UwuaElfNg/QFbwoIwZXtsi34kT4WZqAx/woI2ARkYBikgkLfPUIyi6jgFLaa0geGxgrrEpnlyFAV0BBRWl/aB0HYUlmel+KAeBBpBvuYM80orhDx9mVGw4PYNbSVUBvS3Qu2F2i9KZXVauzQfQHUbjgFsGxhwaVkAny0r6DPKGo4l7wHy/QzVD6hcP6+QCiQok2UbtgC1NQvre7WffJUNoeJKaxpC21FAFwSS7FEKRlLw+ZJ1oi4i5cDCxucxP/kwXFkD0O8Rj97k4HNqskfRrKoMhEOjyDJGkv8ZD+isygfne3aSc7rAhiD6wnCd+cP4J8MaGxxbX3WyYtGt5UWsYWRVl2TlwpTZPJK58Dac2CE4q0O2TfNrKK2wBcN4lDZ9+BqykgPUZPk2gA00Q7uu0J4oVNpCMwPFh8UJxoda9SagyNZU3VkSapKICyEw4NK3bj7TQPVqoBZ7FMFAo1EmX8TS2oJApBQc8hViJYEwxTt+qWYRgYgU6s4GYhSnhVLZHPuo/xQ40m6Drw8XscpKrO5cgFebbkKl24W0ifO3WR98J233KihojhnehTyMXP/jHtApkT8nbJ4+kXxmAc3C3C05Kp9w8jMbS5s8BXxfMGds0IWNJMqhhDBCKSyPIry1xGeU0JTZYd6UZp1Ad38VQ726+1H0c4egaI7KKoaQskW0Hrp7tik5mqpbNSZolNN/RWU/upUMcKzAXXHhBzfVAIhQSxaakMFboOetInlDFIhDLxGBiBAh03aEZtADfD0H/dEyobiCCTSvaTG0ztDwqVMR6C2uv/F5tUx1K1QbraG1yg1ywThrXqG8gch4cfY/ynoRpDMxxCtq0JZcgznLsx/TnFb4boYAfB20AaoGMAY2MsIZ8UB27YWOsLOGS0wglmVYbokhHnmregip4iLVb1srLFB2Pkfjos5vTnOytYKBLl4FuDzIDG4tUipMlR4GdJFqG8MQHVLE6qGhmhbYVVRLjxKUuBH9/gAAEABJREFUZdhRhdKSdbbtTtZ+0YKSUAEGSOSDPO0EE0aNbPOaUQWaErbcsAlCaS3KQYdQW9SU1VnOO1vKHWA2IyIQfjTLFgxItO8KahhQZhk0w9pnM+/+g9bSs8KGbMMlUrKKboe/BIwIPN9ForwOGacb85bch1bMQwYJ7nZ9GIe7XZUzkaLaI9kRD2yYB0R0foLzFAVXsBILWAMyw5EZUAm6FoI2bVmwtrnIba7/YYSBgoCtwErcNZksBtsUBrL9OjaOYpvDVcBYaO0NOjNIrbA/QfHwtatkiKBu/5N89WU+WGhoh18E5RnDc1aFDd4UHPQW2HlBHcb6nLaTHlQ8V6D1BoMDyclRnx3XHOMdJUQEIjKITvrMtp2fcuZEevli70M0FkM0YbBw5VNY4z0Ch0cMGT9CgTL4kmJNl3od2OMLjFwjHijlgby5R5J3ViikwpTTijNK76xAUaJztIjFLGcfn8O+Q3GHi0L/lQ8bpV7fz8DTf44pGWoigydswo9sIcgscatcMdtAGFSEB9j5ABgVi0WZ16/zYFuG8iECWZXn7sYGHA828NBPphjqLYcf7UKoLmFdfggT49IWnpsyWAX12Te2o+0pbNihPpox4DZax6ceGJYR/MgDwvKZZTFtEhh+gVeb4FB3ETy+sDzqHwDqydC3Hu0MywAKIry0Xe2zxzHJMBB58H0FaY6TitIEtq89YB2tyraEOhXg3jD0peFY+ISmhmOg8Okjjx+xMvSFr6C8Txj21bBjCmrN3uSG9fNSUDYrUJBo3RA+/acoLcse6L8ys6DvaDtol3G64KAKFdF6rG56Fovb70KM59sZo/9d3XY4tDeSicPx05TT+Rv4SusGoF6eC+M9BOHuXCRCPwkxcg/uAfVPABGNTw5FNc9kWLfKap0QAsn+QnT0n6c7BiKAI1H0/5NhVcz4AQXgc47zqUzoujZaAarPsgoepbkFIoNlTEGBMcI8ebxJrPfmkqShxmJo4WEqHFLJhugwDEogNM2rZ7fomlcM2VhQOEyxfmGtkI+gZMjnkKOnugbWNiHbTgr2caAIOSpEcEg5hwGm9AgCMGGeNwI+3uXLtjR0G3buUSRdiarKWqzrXoT5ax9DxEkiaRiM2RXYTQEDLWUdvkRyfWG1/lsF+3PIz+bTeSLvPjmM/r/7Rrz3W+DEVk/VjKpGVU1lMMLKeDvjxjqG60Orh3Pc0tYLQpZYSueQriA2beOF5oMCw+AMCwxyDbl0B6mTZYeNszkD0E4A5PEOlJJZMHNReLHY0GJFYUFxjgqLWUPkB9fHBoeyJ09neOSgaY5tO7UeW9gfjkCuiv3YpgE7RK5kGERorqaDiBvuCo2dYoMIlGCH/hERiEZV6jdqXwlZZVEKIqIkBzpI7FNZWpd9tjqZWv678BAR2lBKsZBJsNz3DCor69GbacXcFXejD8vQg3XQc15QBPZBgndAY71XeUUZRMTC0hAOr8mC7sj1P08VeXaaMQ380l9mXUS+5YSpzfCheQVJvbWugq3Y9pQ3giE8wHGKJqJoWrcazS1rUFYWA3d14JDhHb+EGtkeqFwIvcG8BmtkL77iOW40wU6GLDMvseEkL/+2SJ0gaoCwtggnp4K0TjQtI7lRd6hHdeVjoFJdFLAdFlFr+iUMJ3Wop587CEWv2Xa4mFVCRPj2EiWHBJsI3EyCv96hAU1hJ8CgwY3CJbSyJ9QVPEsUw9pHnarfmPXbVkoHPRWw2b+AKHzaNkxgnz71RWR52i75ehQQQi0trP3O5WybakCBSk5d9tso+EuvoqICfoQf01Y+jGa8gpS08pWUxgZ5JtuGSFCrrauRxzV6TONDaeGxhe6oamurQBKxaASjuMOq4Q6Lg4Xy8gRqaisRj8dsqnIVlWV2rGKxKGrruCNneVlZHLF41O7MqmqqGCQSqKgsRxXLgn81KKghX+E4bkGvRzL9HuDQQ0QAHgmof7t62nDsUSfgi184HB1dLSivTCCU0RTZ8e3XMDQ1lLiIcA4I9NKnw7xLaF7hQCAi0BQlLqcEb5isocwapopBxYp0SylBNV0RlIk4EJ6Hwcrm1w/pMFX5fFrzgyNY9AwronUUg8galins6BprhpoipBRBkDNFlYV5BZPcHcrk85WXD0BE4DgKl7SWYViX1lHBoF9KgfWx3svR9sSB42Qh2TSbF8h6dWysgIhAhIDQnQTPYvW/vRGNuChLVOGttc/jjd4HIZEeBt4UZWI8z40FzQ7TRSICj98GIm4En9nv8xgzbgzq6uvw+QMOgbDPzS2r0NS6GmDz3ak2NDLf3LYa5RUJBucmW9bZt86mKtfa2Yiqqgp09bXY3dg61m3vbrZ5pde1rkJ7dxNaO9diHcsymTRc10EzdSp6052IRPQ/uZrtQDbB//pl/cBB4HobPbqW/mzD9793Ea688ipcddVVOPTgo9De2cIXYBU9ZYWZbtit2gfUsEz7yBWV1k5uLh7kRHOEk6OGRXAraOWY8uMT2GlhQBKXTH7oMMbh251ctgn7ilEDdQdMHkllGU5sY2krBH36NJChDZGEQVm1g0R5HMJJLvyA5CMDNy6IVQsiFT4CngfD8zvEUohQPloRyEdiPsqqWL8qilglEK8UJKrjiJbHWC+CSFRQVhlBnD9DHAj0KICW0fhAr0NKaJwTASJlDnVEEa1w4UQBUUNZB/zwxpxSfJt5zKYhcSBaFaeNCURoOxgIfPBiJbXTNynEy8sR50/XaLkDIV+4m3b4hd0xSYjnkQf200GMtsXjcQgP6l1+NIqVu4iWlyHGPkYrYkhoOxUC4eI0JgLfN+BnRPpRnz7UPIUqFPoQEISXCMdCfW3hQ4OvljGrCXXYpP+hfR4AQ7mB8ME/tNkw7YdW7lcXUkG7WlaMUKI/DWSDvNIKn2Nk1AqnG44bR1lNA5a3z8HLLfegwu1B2vRybBz60GFFl6APRGmm1h+akl180z8iAo8fIaORKPbb79OYMmkSRo+uwyc/+UmMGzeWO6oT8fUTvwmHH1k2nzkbp339W+Qdb4PuAfsfiOOOPQl77fEx6P9o8msnnIIvHHgIWjrWYsftd8Fpp5yJ47/yNXx8309j1w/via8c/TWcfMLp+PhH98dhXzoax3/1FFRX1aIn1YavfuVkln0TE8ZMYb4V0SgnIe3lEuNz5AaHUDhxDceLt3VIVVUlKvgCLE8kUFVVZXmOoSCc7FxQWmGLSjyy81HXJ1++hvo5zWC4oOycY7HhB1rDj8uGc93XctVN6HyEbUvXGEgydUo0kWUNUZSVGJBQIWgBG6N6iBrJnhukYdiwGqkpbLlDSYVKEkJlFnzwNmAeJJj4SGHuqtX49+I3MG/5ajv5014G+kVxxapWPLpkOR5fvhyZpA9XYhBa3rS6A48tXolHl61CqrcPbas68e8lKwMsXm7ThxatxLxlLYAIutf04KUlq/Am85lOD44TtA1exvDBO1bpQiLAipWdeHbZOrxG2Z7WFNxKh/LsC/so7JtwMFzuilwG8o7mJF5c0oSnl7Rg9fJumIjPQEw/uVTqMgRLGouXN+GZRWvx+uLVSPX10RwXrk+d+lcTuJpSyRTeWtqKVxY3YfnSFu7UPPi9KSxc0ozXFjfiDdZ9Y1Ej5rzVhDcXrUGmNwkqoH8zNtR5pBRskRTIAy9hO2JT0GbQdg3UOqHC/ioNsJZQjLdOJubAirB8CrInJMklraKlYIxPtgefE9KwdQOP9dl3PgfehnPFLwL1DxS0HMN2+0GdFBVxaJODREU11vWsxuMr/omI+zpSpgc+m7Y2uyQcA6GsiHawGFb9gAetA6y8gROJIJGIo68viUMPPQS77foRNDSMxSf3+xhOOP5E1NbUYscdtsdJx52Mzx3wOey0446YMWMGDjzw8+yfh7333Av7f+pAHHHEl1FZWYmddtoZR5Lefffd8bF99oVeJ5/8dUyYMBGbzpyFY796DE4/7RxsNmszjBkzFqeffrqKwI1GIHzZimgfyDLE//pNH3iejyTXvrri7O+cjsv/78e47MeX4je/+6Wy0NOTgs+1KuIyzzmj64DUwJvKOIM5qVgU0DrnmGF9cn2lmHJ++4xVRlPOeUD4h3p1jkIv0QcDvbGwmRIP1ijBHZJlBikNGqQVBeVZbgHPZhhsoE7QwO2m4bLTJx65Ny4/+7P46nE7I1LmI8OmehujOOjwnXHZmZ/CD07+FEZPr0Ca6yndEce+n9sGPzrjE7jo1D1ROwXY6VMzcekZ++Pib+2Ni765Ly48ZU9cfNoeOO647eA4Pdjio2Nx1ml748STdsLErcqQSqYhjktzIoQDp8xg4dJGZFal8IUvb4FzTtkBJ52wLaZtXYlHGfxSfLk4cWNfCk6ZcFDTWLy4F1vuOA6nnvghfOe0HbDvYVPQxxfAYgZ4h7vbTCqORE0Uhx67Bb5zxvY4+dSdMGaTKNL8SelJGXtdC8+LYdTYChz7tZ1wxrd2wsEnzGbgNuxrGXnb4ZtnbIaTvrUpjv/W5jjprM1x7De3w7gtHaS7OxHjLh46AYRdUDDoQXSW0HmcDOCAiATDHE4kFF0qphDWdxwHmvbLkglFthJJEYFIKWhd6RfMUu9sImw7g0yfQTQyBUnTgZcX38Qm2ola+tMDOKcs8PYuBw5SqQwczo21q9fgpZdfQzwew7x587Bq9Sp0dHSguroK22yzDZLJJHy6euKkKWhqasJNN92A9o42LFjwJn79m6uxZs1q7LzzztSXxCU/ugA33XIjP/6sg6HDX3jpBVx97RVYtmwZ7rnvHjz47wcwhkH9QzvsyGCfQDqd4hnyKFQnxnGucXfvyNvr0Ae0luFoV1dXYF17Mw74zAF49JFH8cUvfR5fPe4Y3H7b7dhi8y3R1deGMv6K9H0PeJvu41QvqBuqkQKFgg25nA0RDmQHa4CzLxCwT51Y9qcAnWMZAx6qx4GIIFJh8GxLB77wuU/jrPNOxrfOPg4zthzDc64eTJo1FqedeTTO/sGxOOeC47HP/lvi+bZlWNfXia98bX9854dfwfFf/wK6V3Zg/8/tjG9fcDi+fdHhOPdHX8V5PzoB37vsWJz57SMQ7e3FbnvPxnfOPwrf+u4h2GL7MVjT2Qo3xr2RT+MSGTQtb8GZ3/0MrnvmTFz402Px3UuOwXmXHouf/+k0/PO3RyPTmEJ3dwdiPM5o4y58/MwK/OZPR+An1x6Pc35wOM655DD88Kpj8XvWP+rU3bBm8Vr41FtdV42vnfolfPsHX2Y/jsZnD9sOL7QuhlT1wa1O402e7X3m0O3w7fMPxpkXHIITT/ssnGg7Zm1dh2+efQjOIP+sC4/C9350NL576ZH43sVHYZ9PbIPn29fxBRW1PoT1s+HT56ImGIDDERGRQIYpezrIHUiHIjp+RiMKA4Tvq4P6q9ky8gdLVd5CZWhRKKc8U6SrX+v6KdUjwvGizjiPXmJlUby58lk0mcdgnE72OMl+GoLe0Lb5Qg/O25gAABAASURBVDIW9Avz628BUBtraqrRm1mHttZWHHnkkfj+ud9DZ2cnDNvu7u62AXfSpMmYM/c1xMvL0NXTgxdffgmM1IgwQEcjkVxTumNubGy0+ZNOPBX77PMxBu1qpLiDVtu0wOMvu8rKCtTU1MDnTkoDfCaToToHb7zxBjr61vAndDn8DMdBx0QriT7+t6HHLwkGVfXCt7/9beyx5x6YOWumxQGfPQDnfv/7LPJRPaqSc2IjHGaoJv/mPBARSJZni5mRLEfnSbZo0MQpUbIelm2mpIwUcTlNGASKmLlsIG34M8B1Y+R28Sf0EoBztmZsAptuNQEr+Gf7Pcdi7NQEUNaLSD2w2TaTKbsSW31oFCbPrANYdVXzCjzZfjvccg8gfLcHCxfPx+tvvIkFcxdjwVtvobW9FUZ/ejLIO9W98CI9+oMBwt2hW+Fh4YpmnHXpF3D8Nw7AzJ3GIMqjhY5kD9IRD2M2q8Lnj9oVl99+DJLtGXRx8U3YpgIXXnk09j14G4zetAwptxftPV2o4O52i53G44xzD8eJ530Uz69aA8QzDLL0W3kKbk0SO++xFbaORpDyW+E5HRgHw5fC5og10P6KFJzKNHrS61jWC0mkIRW9WMNzwldfXYj5r72BN99YgXXr2jGRnfczrEOPgDoUnA/sE6DeFdEnudmgIxLkUfISqJjhgzdEAlnj027KK58JldnnMB5BPWsWpbW+cnylQybpDbkdx6GNhra5KKuOYnHLY3i9534k9PzTSVKVagfLwYu0IcK2DFnrvQOhJI94VPR3v/8tevnCTnNX+5vfXIuF3MVqP1577VVcd911+M1vr0U3g+7yFSvw70cewTPPPo2lS5faYPn444+qCjz33HN4+OGHcdddd9jAupLHZffeey/mvPYKXn75RSujsrozfv31eXj8ycdwyWU/sjtmDfJPPv2klfH5889sxEvLKvmAPUQMWlvaISjDiy+8hJtuvBn/+Ps/8fe//gO33HwrFr610Pa4u6sHjjgbMHdttfU/smskWCn94mypPzMINRyZoqrFzfQXG05yRcDRSawIcgOfWqa6BJmUYDxqMOfVBWhr70OUH5RmbDaFVV7H5tuMhX5g8vQ/qErxqdOmkV+GmVtPR03dKIBq5r+xiryJyDCIAy46WiI442tXYosP7YNNd/wqDv/U5XgJacqWcUch3BkJPFMGB3FEYhy85e34/Ge3xWcP3AuxeoOVPKu98oo/4xtf+yEuufh3eO3F1QDPa/fce2ucfMGBeKZpMb5x1sHYctfxDJ5duP/+x3DWmZfh5OMvxLW/uBmreEZb0cDjhaP2w8F7T+dPz25kNJohCp/nujNmzsCnvvYRrFvSh8aF3fjs8Ttj2qxJtCsJ8CzKQ4RBN8YgQ3tJA1W47baHsc2HDsU22/4IO3/oHPzr9y9i8oRqJHt64XOXhOyl8yuEsgzbNcYHlWm2JEQEvCli4GcDrYjAMrMzxGT1GBiUukSE4vlwIDlB1mGGIlDk2MMiWBesTBh6SINPZfUorO1chhfW3oEKtwVpPwWXYy+0zaeMz9Sq1mqW4COfZnaoW3/il8dGYeHSN3HZTy7Cj358IRbw28Pc+S/j8p9ejP+78odY3biGL/ZX8X8/+SGu/tWV3BG349bbbsTceXPxyqsv4vY7bkFleS3uvf8OzH19Dh59/N+49PKL8LOrr8ANN/0VDz/6IIP1A6gqG4Wbb/8nli5fwmD8Au646xbEIhH86jdX4ac/uxRPPv1vVMbreKSRAjbcefggX5mMz18BBvFYBKd+8xQeMxyEQw87BIcdcSi+cNDn8f3zv4fq8np0dfTZuf22fcG5wztbPaTCFJxtnKO8swI24YrjTARRVGBLwdiTJTY8EVYJwBcPO+YhA48N0RnClDtJnwBpl5IWXLzi+1BAvw5yz+kzIGaSHsaNrsbT9y1Ac1MrNNZMnDyetWZh6mabQKJAe2MP/JSPCVPqsQ2mY9rUWlTww1a6M4M35yyjbAMixgW9gEjUwW4f2xInHHYUTjvis9h5n81YrkEtCZ27gnLoItWFjHgCryKJPfbZDqMmcOfKc98brrsVZ37vOsy5tRMXXf4oLj79j/j1T+/CH397OxYtnY/P7TgFW+8w1do5d+4ifGL/y3HTdUsw999dOPGM63HzHx9HugcYM6US+352Nta9KnBdtY3+YuBN1LnYdZ/N0QUfrUhgj723QSV5vpcAhHKOR08m4XgVzOouz8XYugYc++nP4pSv7IrDDtoRsbo4MpkojEPnUNpI2o6Bz48NvmcYQDkOJgVD/+pXWI+07yepPx2AbcMCQT0/qM8c9OJQAWKgf3eXmqAzxQh4cSJpYRE0IPocW59B3rBMoXSGX4Azqps2ws4H3+owbNuAujgSUOXK5QvEFEEkxSkUZdUKnoX3obK6El2pNjy9/Ha+xrqQNuwTdXts12e7NBnClOqyt7bhkS6G8skecHsQKkmn+1AerUTD6PEYO3oiKhO1KIvWYkzdRIypn4R4JI5yBmctr6+bANdEUVVRjzjrlMVHobqyHsneDAPraNartukYyo0eNR61lQ2oTNShiujrS6OmogFxt5xytTZQOPRHw6gJUL026KbStMmhpe4I0O8DYwKfeGmDcWMmYsrk6Zg8aRqmMp02ZQb9Nw69PX1wJFjtELpv0FsLVV8/hL+wQHlHP9AqKOJIlPMrwWWicjqHPEooAJ9zl0/mDbRURJgqhQFXae4AsXyGNqZ5WqFJEdhWAUeldYEZLgbeRWVBqcdAEedP9MfXrsGKZfxpTqmx42uxQ83WmDZjPHM+Hrr/YbSsa8Ho0ZXY88jNMHnaGPCXNpqamvHCM3MpMxrg5Ne1XFWbwLfO+Bp++auLcOXPv4nDv7wny1fCcQKbhYseXKxGIWqDi7Fj68F4jLaOdfbn4U5jpqN2ShU+OnMylr6xhB+1/ohjvvkP/PgPT2L2VluhsrwSquaNV3W3HcG2207F6LHV2Ll+DJ5/5nm0tXQCUQeTp05m2xEOABM237SmkQuyDzvsuDV2+ehY7LpTPbbebiZSPPNrXss6FPMZwEQ7x1ricNG5nfjMZ3bBNdd/Fz++8iSczTNr8LjDiaaCPmX7xar9t3W29q0fOg5QB1kp3z71oWPj8+ODiEBEyFIw2ZCb9YR2iBTW1awIebz71alN/bmhKGMigJvmL5QkyirGwo+kMXfhv9HnLQekDzqOtk92HIevlxWHvEUEGZ69trW0obW1HSmeuWboI6Vb17VBx0jPYdtautDe2sGXl0GyJ2n5evyjxxUigmRfii8MD8lkino60NnWhR4GgxSDaZIveRFBL7/K6xh4noc+zgPV3dbWQb2dSKXTHJMhTf2fLxQRHr11YO2qdWhc3YJVq5qxcmUTOtq6oXMymPcb4CZOIyMC0Sr6IHhrjhDyhWlwq25dapoit7aCMjslA3LA0xnAWS+jv9F+UfL05sKjVbCgEaExxidF6/hE/sUqgO2g8C0iAHdnb8xdAaSAUXUV+OzXNseohjJ08yvyHTc+iNX8oOUkgO13moEJE0dRHli6ZClefrqRdBUMf26S4ETPYM3qJixZspJo5KBwF41awL4tmdA24e7LZ3vC4FvFAOd56m3AcIeW5BvUgyCif23Ni7CWiwncmU5FJSuXw09HWENIA+KpC8u5/qPkRxHza1jTgcOjCfDyM8JWDGN0EOjmzZuPRfOXoX5CJfb8xFbYY7/pGDOjDG+9uRAL5y9hDd6GuiMC3cWCNUEL2tu7+VJqxMqlzVi7uhniCosUtJtVhr4pR4H8J7O5W0TgOC77bgif0HQ4epG7VLew55LjBPVFeUJmkCUB6mfC+RAQpIe6+TL1DXct8TQiiTgWrHoFK80jiDkZ+rWTPvJh2IbRNobS8zbKNBhqNU3V3PyFFPAMixXaJ/qMlqhcWGZTy2OZFljpgC4us3nKhClFeefJ5pWFMiNpv390bEJ/KK0I83QkB8g+35mHnWv6EM48QlStrldLaMauWl3xOjsto+ihUaOItb5sMNFUSiltytGFK66yuJbI5a0/+3IBt8SkUWERoeGwMPx4MJq7vHkvL0VPm+GHiDj2O2AnlFfHuattxfW3P4uVKzSAAjvvtiWmzpgA7d2CBUuwDB6ACHcbbFiAzo4kvvedH2PWdsfiEzucgz9c8zjLx9M2QBxwKdAdbgYVSAOxXnSCb8u1TeCJA2pr67Hr7jvhxcYF0H/58tDiRdhk84m44KKD8YNLD8Y5R+2J155ZgM7OLsDxscU20zCddr/x2koeh/Tice6Qdt1tN1RVVQBpH/pXhcpom4hAr+72FJ5+7GWoyZ/cf2d87HPbg8V45uk56GjrVRGICG3sJfgGEu74UI4773geM3Y8BQd/4kc4/ahfQ+I1PIqIw0tnWIf95nPQm02L2MegIlogwnapyufOzvdJKHOY4BKAb3xCKYX62TDv0+9MuYvXhaDqNPU5J7QNn3zlAbQPAy/9l2niOiivcbG48Tm83vo4XP0wKu0wPJLxWc9CfFamzbxJbNSt9jmOg9q6GtQ11KGuvhZ1dVUYxeOwunryhsBoyqicYn2yI+VD+3Jw/wysp/4uhtavrCyHiEAc0Qm5QfNiqKmk+hyhzqxGpd28vIjYdh1IVqIwcQqzw8kVKdKsglFQF4nhgtXFJGxQjQNThNcgPVF2hkFq0pgKPPfAQujPhLLKBLb/0GyojqVL11LDW3hr/gp4PA/ebPZ0jJs4Br2dabw6503MRBnLXUAYhAS8HPgZDVgJZHgS2LFQmQxSuV2thyTrLsQ6zH8pDR4S4OGHnuVOshPx8nIcfuT++Pn5J2Hrbcfg4m/uje/935E47sz98eWv7YuJU0fjroVP4KXn5wF9DmZvMxHX3XU6vnDwltjtE6Pxhx9+Dp8/aHfEKlwsW74Md95+Hxo24y45uxuPxypx5w2Po3VtF2bOnoTNt5uCtnXtuOe2pxi+tR+wgcoufjpGbEAB+8NuoRKZNRXobS+D3+LC5a46HmXf6HMtLQT5hYx3NScicMQpAYGQLyLIXXlkyCvBskWGZ7xVVaPR1tWM1xrvhLjLkORZmuFYG/BFAY4z9QMeTNZXtuLbfKjfXTeCvkwXmtatwdrGlVjbNIL3qw/0n2xHo9lN2QbOicHmJDjvkHeZPDpH6ppUoGQpnJzgsAlVpCb5bF4YJBxooDV+lBq489TJH4LBmGcI0J+BAwDq4a6HCmgEaf68L6+I4mnuPFcu06ODCCL8ue1lMpg3dz51T8UrLy6wXyijZR4kLmhqbMFTD8zHmFk1LO/RJcgIBVTXJHD+D0/FnOd+gbtePB9X3XkstsMotsidlwckKspw4plH4OmHfoY7Hvsuvn3RAfjtnU/jrlufQrrdYPyMcTjp7ENw5Z9Pw9kXfwWb7jQJiPp48pnncM1Ft2CXydvglz+8GfOeXoZopAJ7fnwb/Ojqr+GyX5+GY04lMbtSAAAQAElEQVT/tA207c1t+Psfb8QDj61FrNqHz4+J4BWNJHDTY89j4RurwSiiN95csAL/fHAe+xuBXp5DvzrlSLopetAhy+AT+38Yrzx1Ma5//uv4+xNn4BPHzMbq1a2QMvqduzMKAY6BBh/DD5oKj7UVbJ1U8AToaxUWpuE4iTJCkE8ZYQ3D8cmBPGq3z0CSclovBEvAOgOhAmENaqBOGJ8Mgu0L7TCsZxg4g7ouhDNCOGmdtKCyagx6Mt14ddFTgDQD6GU3PU6rQI5dBtUAPAsW/djS3xxlN/yOReMMup3Yessd8d2zz8dF51+KC877YQ4Xfv8SnD+C97wPLjj3Ylx4/o9wzFEnoKuvBVF+bwHnGjjXBp8VnNMgKKcfaHXua9Zw0+QzgNmpiwwMjyON8bmmKcvZKpyvxgrq5NOVA4gIuIwx2KWrerCyEvysuE7wbAfUGJpAY1w27bEOFxTLDAG7mDzyEYB2qakKCpJp6AsFoAvNZefAjr05bzFS7QDSFWhv7sHLz7+BBkzBa49y57GyE14mAv1Av2j+UjyxYB1icd0pZmCStK+LatMONpkxiTvWadxRjsesLSagYqKhQoNMEvAzLN98KnbefTNsvctYTJlVzbLR+NlZ9+LXV/wDC+as4seQNCqqEzC+g9WLWnHTnx/Et7/wY8RGRRFFFZqWduPC03+Fe294Bk3LO+By55moSqCzO42Xn3kTP730Wvz1wqew1fjpyLBRP0Xf8M7w9ICN4clH5yHZAfR2+HjsoZfIisCkfIDl6SRt5ah5ThrJXgder4/x4+qxzY6TMHvbsdh8+3o0TEzgNfCM06VTWRuBh0lRB+hzRiMdA4XPIxHDyaTQUgplb7ZDWUC59B25IoLgK64Pw8ENEaq3edVNfRw0wKaGsmzTcAx0N2qhdKhD9QOqQ+vDtqdtE9SlecNjHyM8+uH4O7TXo6MSOq5cMPNWPo0mvMASlvsGUbaj1tIzVMpfObRTuDiA0Bd4+5eoZiAWicFxXIg4EFG9tJUd0Cmq2RGAfinAeywv0KWh4wRejqPjp/NQUzIG3MrPB+cu55qK+azGOKuknec+F6nhHPQtk/MDDljA2aEiYpcEazOv+pQ3EKwxkLnhHLFVgqclEdD6VAS89T3T3T62itbgtpsfwg8vuBqXnH81Lr3w15jz9HJMHluHjtZe/PTHv8PF516NH3zvF/jdr27AZlKP3hZgGxmNW//1EH500a/xo/N/jgvOuRLnn3kFLjrjZ7jikt8g5Xfi4QefwGU/+BX1/hwXnnMFZa7CD86+Ejf85XZsV1mG8ikJfO8H9+Ere1+E753yc1x01m9x4ZnX4NSjLscXj7kGqeoaxMviSPf0opwf/ZYsbMWRh/0Upx/7Y1z8nWvxw3N+i++ecgWO2OVSXPPT11G7yQygt4pfsvtwzc/+iEvPvwY3/+1+fKh8G+6uH8dlF12Ly35wNe67+UnsXDkdN/3jHvz4vN/gdz/7K9ykj0WvLcfPL/89Lr/gV/gR+3zxOb+h3b/AJef+Bg/f9wI+UjWKQTnNMefMyHo88HGhz0WjRVBQ8NQgqKCCfj4nk/IUnE39/AJKJ5RCmZoqlM5vN0sLbROW21RpQkVzyMrBtWYI+pDxe+DSz05NOeavegSLuvkxzfXhO33Q2r5O9Fx9EqpCwanO3EbdqVQKiUgNXnjlKVx86Xk494Kzcf6F5+CCH3xvBO8jH5x/0fc4dufgD9dfi/JENZL6LcRs4NSwcwrBysrS4BWSEpSQo7foI4f1Bdb1lecUDYfQfumC5QaEi8jkkKtLAXK5PEjwGfJtHeY9nvMmaiJYPq8dF/78bpx3+V246ponkGyLQrwoymriuOOvc3HB5ffgwp/ciWfuWoaqhmpowI6PjuLJe9/Cd396Dy74yZP4wRXEz57CeVc8gT/99hXAS2D+4+0476f/Zv0ncNH/PYEf/OQ5nH/Fc3jmX8sRK/fgMaBuN200MrEobv7LXPz0l0/it9c+j8UvdmLP6TMR8xtguJt2+FEn1Sc8sqjD1tOn4fVH1uH6Xz2Ln131OO7925sYNa0Gm00bh0xrGVxJoK81hr/9aiF+dMmzePyGNSirHofONXFcfcUL+O1PXkXXymqU8yf1UzevwU8vewo3/Pw1SPcoNC9w8OufPYcrL38WV/3fC7jyJy/j5/83B1f/9Bm89UgfEuW14HkENBoV+1zzoX/z0/6fUAa6GxARW2zHQCvZHZ7u9Fw4PMIQEThErpzjZGxw9jm+PsA81ABSA++wDS3hyFO/UbCOTUn79kOeB99z6dty+D7bRjl91ICVHUvxWtsTiDlr0WeaAclAN7b2vytkwvbVhhDY6EtE4HkeyiK1aBg9EWMbJmPsGKZjJjAlGhTjyR/B2Ib3ug8mYFRNPdIMuvruRzDVN3qOgHNEpF+ZUY3MCkQpmLwyyyjxcErwNo5lrbCP0nq0iOCa48INFqMVJA/gw/NRVl6O3SZvgo9MnYUPTZ6ICIOXGOG6E0ya2IDdps7EbtOmY9TYei5WLlQGQj/jYdS4Udhj2ibYY2o/dp86A5tMmgTHj6BqdK0t253lu0+bhj2nTMZeU6ajftxYuDxSEEki3ZVExJRh6qQx2H7KBGw+ZTzKa6uQ6XSAjIGjxywKGp3hiyLd4aKa7W5C2a2nTcb4yWPh9MZgugAB+0OdEQawGZMnYWcG79ET6oCkIMo+bTNtKmZPm4moWws/FUXNhHpsM21TTJsyFU6mnOdSNWx/KrbdZCa24e55++nTsMP0TbDV9Omoqh8FJxnhzxqf7Qis7/jsv9l2f2YApaW5MRhQ2s8QoW5FlqUBM2jLaiBXUyaD3lpuoCpENFWAebEgBb1EHAZ4B4ZRtaKyHu3JFjy1/F64ER77OH0wPHYxFOQwwcv9bPTJUW4IZt+BW0Tg8YXQ3tKBluY2tBL6AVTRuo55fgxtfZ/gf9vONnR19bwDM6K0ChGxBcHTkvbh2OfQj+HIDK3BlurEJ6FJsRVkl7p1AVswODH8BiKsy9suvkxnBJk2LoAuKuVqE+gfH36PIN2hID8ZJdch0hDx4fFjTLLTQ6q7jwE0hWRXH1JEureP5SnA60OGgdXrTMLrSMHrame+w54NO34UCjEJ7r48+59dTPO8NtOTpl7qR5I6CFoqYICg3RAPVAqP57epHh/pbsMmaFfGhePFoBaL9ECkg3b3wutMsy3qcHoB04NMd5Lw+AJKA5EkvHQaqU4fGerSj2PQU022n6Id6e4U0l0pqyPTlWHTaQj1iPTRBgYg3lAwN9zb+j+IvnlVSilhn7S/FhSlr5FDURmLc7co1V8uzCtA/9EpemfhMPXgoRuVtWVIM5278An47ovISDeMsBxCnzmqkFC/M3nX7qzNbFLt5TufrjUW71qTI4rfhx7QecJpCaa88zugqyhAUUFWKJzJ2WyJhJNPFYTVhYRWItsKax5cGDo5dW1o3paFC1pTK1n0EIFxCKYeZTxOa23HoxJdgh4DihchRRlbU0+4VYDLU2gDTARGGIBAiA+HTLE/P9P8uZqCZ5IwfppeScNhHUO9PuV8YZmjyMCn3TAaRFVOIKRF2wEboiwoaxgGjKGdhrtYRGFoDLPUpl6IQHdf4ccrLRT9Z8ss9d0MVXswEoEvLjL8cJTh11Dtq+Z9tqW7Ks+nnSYDeELNPmVpm6EX6BeHO3kRLyijSUAGHgz7JkjTvjT9k6ZuYXtqjQXlnCxcGlsMn/V86swHNVIr7aV+oz7UlKDzrE1BSpJSoF2+RGlnBIZ98H0GJNrrG00DGJWz4sKxCGCMWHnDOikamqSRafrEsB2hrJ/KIJ6oAuIVeGPNw1hj7kIZbXH9DBzWFaMvMh86xmJ9zErvyu1Rq5+F0h7bNAQsMHK9rzwgBu/CuHECM/7AXh6fOl/AtRnShjEHhBCUxcCrNHeg3ECOdijHNdCFJ7n8hhEG+oe1eYPB1MJhMLI0O8NgESx+NgofJpf32RB5vMEuChekw4UNzStYqo4HBIZHDRZaDpfqGDiY+kJSQU8YChsGO1AXdLHblAWaKqyzI6xAHttSGSurZWCDDGhgMAGDCYUQgLJsB2oDRTQNYcgDLzbLJ6VzQd8wL0R4CyePMEO+Civp0GekbXdYUnxrq8W8wfLsal4R28jl1L9hRvlhXg0QjgTLlK0gGd6GeatTxbJMYxlBRjh+DqE55Wu3nWgMFdXlWNY0D/M7XkBcAzNfnEIfOcbQw0LAAuTh/XyN2P6B8QBXIQznp6bCdLgd25D1OUAn1xf614AA/RkUXLrIBsDWtmIiWjfIi+NCdBfH3ajjRKBgSGJYYwC2S91nHYXd+wHU60YcuNmdsZagxKU+Mbr4xWWpA2E7QNCuoV6FtiMOoP/c17BF3Z3BBk3axqAqDAYiAoBCAkQTDmIVCbjxOMREWV2DMqHllNKbsRFaRaH5Yli+DaJ8odAOKrHyxXJh3uqjOXzTgV23CMvy00I/aIX+Us0plKOpQum3DSms6TqOdgO+RtTCIptzyddg6tJPxkJQNaoaa9sXYu7aR1HhdHJHz18CDuDTOJ+1Au8Y6yFwbMgauUc88N/zgF24nPhMedMO4boVpsU3J3Axi3lObT439qZuG/ey7QokT6PhG4HLhj8bTQFYKSslIraGlvPLFkzcwIv68Phz3efPaanwEK8RwGHwDaMNI5DhAkYkAy/ajVS0EybWy6DpZ7UGieb0J70b8xCv9eBWcEFTzsR7EK3x4STAxexzKRPU6blpZKjP4zGDlrgap6MpoKwHXqQDqb5OnsX2wvB8ddnKNXh4yUrMXdEEjx/3gAirxAANwkHzMGLY/wBZVkGi5aAFQjnGIJZRlrQxTLMg097Cp8DQVwTLQH9akF/q1l8hinxdBfkSlQx5+fIhrfaJqAUUKL61Uh6vP0traafqAO0ORdg9DiV1cbvueT4qRlWi22/BvOWPArICfVgHPRIxwvGGb18uWieAgaYYuUY88F/ygHChulwLDhHORUszj+xlSCvA1YoSl1OCl2MNWZiT0iVl9EFzskyuqSyVTVhuF15+mi1iYrit0YDg8DjAX+Mjs8pDz+oMulenkST91rIUnljSqpJgf5j6BOBwk+k1OvBXVcFfnYCsNTA8RwUE4SVGEC1z0dvUgccXrUbj0jTMqgS6VggeW9SGplW93LVG7M7KcEdr1pRDVlahrKMKvi78SBqpNUl0Lwcyq13U1VUiwYDt9XTjqGP2xDXf/TS+deKuqBzVSx1tEAZuILAvtGGoVNQlWQFRsx0yfK3PNMvPJQxigW4tz0cJ2VwlJVSxpgBj3UAERUM+Df0YBNASYv3qbWEoJ1JUYEvBeRKBKzEYz0FFTQWM62H+wpfQhleQcVqQod8NX2LGSSEIvoJ3/xppYcQDb88DpVafGMMNghlU4ZCxVZc2WDd/2jNrlRkxUL7DlazwGTA87sAY+qCBFGw4REBqia2afRimIGUMtQAAEABJREFU3GUySEUrgVfam7H/Ibvin89chltf+iHufely3P3yj3HbSxfj8Sd+hN9c9mWkutph3CR0PccrHLzQ3IWvXvBp3PDC+bh9zg/x01u+hTh3yoY7ZUSEgRAQ7pZXrmrG9F3G45/XnoZbHz8ff3/hXNz41Hm4+6+nY68DN8cby9cgVgt4jVW49C9fw22vXoyzfnkwUs19DMwd2O2LW+Fv/z4Xt9Oucy7+KmKRKDq6Ujj4yE/ixO9/Hkd97QBUVEW4E/YgLvvpZAB1XAHIoo/4pYhEtu/cvRsFHRQEK/WowIhAGJ4CME9xisCQWxIGbI4PFaIUM8oARx4hbYR2EQ4HlU0igGFqKELk1yugWYFjREGweVCYt7HdoLpgiHlQbu237Wux6qMo9bArCMEsC9k3BlyTSSORiKGsvApvrZyD5ZmXEYlooE1BtKq+fHwX2gbUWLUhB6MSIxjxwH/FAwYeP3B7jC86D4Xz1eHUJm2E9gTr1SfXZ44T3j6LH04xo1Q+UKclVMWMz9VgdDGwIfEdOKIN+2oO2zE0wic0DUCmVmZC4wIqMIuBmkw4EepFC2rq45i57ShM37YBkzarxYQZtZg+ewxm7zoBx578WZz1kyPwXOMaJKpd+L6HaajE3h/bDtN3GIVJW9fgQ3vOxF6f3xpzm9sQKXOACoPFK5vwpaN3w0+uPpvpHtjqI5OwyQ4NmL3LBOx3yPa48PITcNLJe+LNRfofU/cwffNqjNkqjimzKrAYqzFt+niccNJBmL3HWNQ0uHj02X9jOXfKHgA9kkCCaTyJzrYU3Fg1u8PjBvT3k2LZW3nazwDWf/SYBizjCUKA/gRoexit6FvQWwrVYMgvBhtli8YCuctKAxwrLQ+hsZ/vBig0CDvsCFuHL/4AGPjUGSCor7Z7DLrUzSBrVVvbOP7KojSyl/ZL6+QfUVCEpQL+wAFcFxXVFVi25nW82vYoTGQBek2fLdPzX8dk4DDwwur3oLoKQdbIPeKBnAeEVDHIejduxi3D+ekzBdeqELoDCec3eHFFkBtwmB1wc4UP4A2PUUJnsBAHVheyikEWb+UGywlwuej4JuEa0793+8c//hUnHH8G/u+yX6NxZQsc7oo/9OEdMAm14CYbK1a24fOHbY+pUycBaQ/p3jRi3HXusddO6EUX9P8GnOpKYpftZuDkbxyKGduMRk93L555+Hn89Xc34NF7XkZPRx/Gz6rEaacfg88ftCNWYS0y6INeGUakNubPuPBgbPXhcdB/WPGn627GeT+/ExO3mIA2ulX/eSl4ZdJptC/rgRNjXxiQyBrmLUVygVPFJvrQQJcP5RVVGTRbrHsQwWGKBbVD4cAmw8CMHNS2sDyQLv00fN0AVbWT0dLditca70aZswIZ49KjeTX4goEgyxiO3qzoSDLigf+QB8RuCsLGJCSGlTrDkhqOkK5Fp7DxYO2I3XRpMFHom4ERFnZzJKHiLGHELj7jRTD3lUW4/h9X4qzz/4GWlnbo1ZdMYgWSDHAOlqETe3x0K1SMdqH/lbIF8xcDUWCzbWZh7xlT4HlJvNrejQMP34u72Hp4SQ+333I/dvnoSTjiuF9ir099H3++/nbMe24h1qxqwZQp07CSjvThaFPoy/TiJ+d+A3vtty0QA+6/7yGcf+5fsfesTRjkY2imVCaZ4pNxnz+b22iXuAJjt3OWvcEP3SUqtKLuiEPAMQigJUND6xfDp7NDns8XgyIYgEAXtSMstzTZmjLJ3WE5BanNY+Ih2M0amzqOwzQnznKGZR4XGLsrMLZAIMhkMvyYVsGXYyfmLnkaaZkPz1nH8j4i7w6q5DHeHySnMEK8PywesXKDPcDAJqKzOahpp6qAs5sPgOMfpCQHvZ1BS4ZZwPatJNezTfMfyjMwNAj9MAGNAZcGLcDLAJGo4PgTjsYjd8/BnKf/iOkzpnLX24QbbrwNDXDR15XBHqOnYkvuZhEHFry+GDfdeC9MEpg0rR6fOnw7PL9oLcoRxaabTwG4W25c24a//+F+bF+3HT66xYex07SpOPeb/8BHd/4uDtjrTNx542PYGnVw+IFPTZs+cyqOOvkziDUAzz0zB9//xu8wfXIDetvTDCpJ9iqFZJLGUjidSqEHGWgg0sCrfSZ7I286iq1gAIarVutnZfPILMe++0JaUx7TQmHs25GtDjp3VBmhcjyeyL1VVQkKKxlOAGODLz3CKhp0yysq4CaAuUsfwBrzNHyeeWR0Eqk+q+P9/3DoB8X7vycjPRjSAzpvKVA46wGHvPXdw5EZUoe+3QMBrqyAsE+76LjwbNywnMKHMNtfQylyxIdxGMCcJDadPRF77L01tt5+IuKVDlauaMJTj7yE8WPL8Mzyduz7pR0xecY4cKOJF198BVddchuWLWuCWwbs8pHtGQYNRkEQjcXYEtDV3YPWtT2IlVWgew0gacGsWfWYNKEKo0ZHkezzEKPLHFFbgIbx9agfX4FMuhuvvLIALzZ2oaJ2FNJ9aThuD7RhL5N1HweglS3qjhdsMwA24gpsKFSQz8unC6Xedo7ut6ZTgR7lhDSzvMP2GEABkLGeO5T3+ZJiHU4SDcCxeBSVVZVYvHwelvU+wxdsE/gag/HLOU3UgPWo/U8WaxcInccb2qyfq8A+UUcuO0K8ex5QP2dhw06Wfvca7NfMGc6dSn8+pIJ5oIaEnP40Gzn6GRtM8ae1/kV5naCe8eCJwocXMRY+v+B4DGYh9NuRhYRN+1zjapwDhzzXjcDjUcPf/34jzjjrDPz4x1dh6YJV2P7DW+DSK86Ct1YDaQYf2XsbxGsiaO9sxdq1a7D5tHFoXLHamj9r85k4bN/ZWIkmdPNcV5k1VVUYM6Uey1Z2o2xcHD3cubYvcDGxpo476jEYP3kyOhk80/ZDH7B4/lIsfH01g0MFPvOZvXDqVz6Gea+2IVFXzt2iQYRWr1zaisblbVi+dDnqmPfpC/BYwMDnV8+MBSnNWTD+YCAMjOvl4PPF40kGdvJ4wpSLFw5Apxn+bDfCUEUfA6zDvK87Sqj/tJfFUL7CZ4GmhJC2YLtMDSGsH/EABU2BmzEWwQc3D4WpTy8Znska9g+0zwSw9nikFRm2lwY4nsKDb8dzEDVx1FRXo7lzCea23o+Y24IMf94Ieuk5HjNoh/FeuFwaoXB4Dl2D0aNHo5K7dHaMt4FPX+kvgwAujESyUFrrubB/3ChisTgSiXKIlQFTelqHEyPX2/eAOtBl9QA+B8J1Y6gfW4dxE8dg7IQGpg0YP2kMRo+ph+NE6XeXiHCyutl6TDbqdqiL+sD1xHkPC31yEXGGsBBGhG0KW6Esn8V3aW6x1HDytEHXDuMDfGEmW0fzNmAwSKhBWXZe0i8r4thfrn4qgicffRNX/OKnOPvc0/H8cwus/CabzcSWnxqPj0wZhy233xygH2tGVeF7534b9zz9e+y401YwPNsdN64W+37yw6wzD6+++gY/jHkYM64cJ55+EKrh45F582C6ynDZdSfjd7eeh6uvuxh77/shvIlVcF1hPTCYt+GyH12HdWu6MY4B+5RvHo0dtqpHS2Mn0ukIZpdX4deX/x3nnPVTXHr+7zG2LAGPu2afH+cMUlbHwEd/XweWFXH8bF5TBcT6JvChsUFAaRGhoILJYHfJ4g2wpZTeYp06+Dk5h5TAlSjfQwa+aUdFzVi089fCi0vvRsRZiRTHSV8iYucFO2iKFeK/dvl8gcbjcaxrXY01zSvQ0tmEsvIEakZVo7a2GuUVCVQwGNfWVEHPtjk0qCFdw7Lq6kqkfR89qU509bWgo7cZ0WgkO3b/tS598Brm9DWcc67rope/SletWY5lKxZj+colWL5iCZYtX4zVa5dxfAQcDhiOqY7TO+0IA/7J2iK0J9SvNPc0YXZAqitkAHPYjOxaYbuwncrmUXSpPSHCInVaSGsAUdrQQ/p3gZ0ocOBBH8c1V/wFf/vdg9h5l61Y7CHNxTrn+dew/1HboWFSNdKpJNasXYfmllZ0drehsXEtkj3cQcWB7XfYgnVm4y+/uBdzX1oGRGIMrjvijjk/wOP3nYtbX/o29vvSVmjYtBK9fhseefg+bAoHfkp3axSPJvCbP/0Jf/vrndTpY+YWDfjupYfhjZ41SPpdSPVE8P0rTsBVv/w+fnbteRgzvRqpZB/cCJu19yDOsGXDeOR9qAx9JaI6FfQYna6xyub4MFRJFqcBy0gX3FpQwAgy+n4MEXDW/8xXpZMrV8PaFuREBCJ8K+oLyE+hatQUJN0kXl3yGPrcBTBuGuKkIDozRVjJpedpd4Fysv9Ld1kihs6+dTjh2K/jvHMvwVGHH4v27lbOs7UWHR0taO9oIr0K6XQSiWjU0s3rVtpgPXuzWTj84COJY3DIl46yAbiMwVp3y/+lLn3wmuW0idHvSa8HUydOw0UXXoyfXfUzphfhBxdeRPrn+M7Z3+ULEIhEBI7r4B297LwV6B8+AOYNgfxLNJM/qTUfYOOtUb2MqgKB4/DJxkUEpS8Dwx1OANL2LSSsp2ZkEI3FEIk5iJQ72PfTu+HEbx6OQ4/dB5NnjEa618dDDz6MN5puwyf324syQPu6JM445YfYfeZh+Ox+X8H4TQ7Es4+9Dr0233QzfOuIA/Bs8ypc/oPf4blHuGtOuZi59UR85OPbYeZ24+BGfcx74U1ccsFP8epzy1BXWYm4lGl1JCIR9mhznHLG7/Dw/U9CI8Nu++2Au/96DrpXphEnY9asyagcHcWsTadg/OQa9LSlKBdjvSjUBSLC/rKf9I+xQFE+KLMNDvIwQhmF1pdAiCQJY3dRxlLUyzKTD/LD28qwUmAD9WVpDQQ5kFfybztQia2fTZnkbp9UqJNNM0c7OL7sNtQBnt+HWHkFIol6LFj9NFabm+DTyLTnwbHHJTruLkUdkK2VYXxtDf+lS+xcTGcy0OvDH94V3Z1dWLp0CfbcbS+cdOKpOOUbp+PTn/4sDjvkKHzjxNMxZnQDOnvX4eTjT8NpXz8Lhx58NGrr6pBMJjF16lRMnzpdVSEe5bygwziUNj/yeBseMFpHOF8ClFWWkZHBXh/dC3vuuScOOuiLOPe8c/F94tOf+hT22GNv7LvXbtwRdyBeFs/WY5WNvAVOVpdAL306nPQuoXmFIa0AtBQDLmcAZ0MZpfWW1MK1jXChQp2YrZtJ+hiDSix8axkeue9lPH7/y3jsvufx2APP4vEHn8EDtz+JH//gtzj86F9g99knYPmSdXj+kXm4/cYHceety1E9fjxMqoptTsS/bmKdO17EC9wZl5dXYgbG49UnVuDQvX+In/zwetx9w6N45K5ncO9NT+EX//c3HLf/BXjoprWYOGUGhLviZ56cgxceeAOvPDMXm6IW24ydiqsuvAH33/w0nn30JQbrCLbbexO8ii78+W8341Haev31t+DFe1egZlwtfPYF2TMf2CvbSUsP/6F+UmkH+ifQYTyuXDqOYwoR5RHqVBBgnyAAABAASURBVBUsBouKWcPKm/6KSuqHtmKU1hNOJYZyjq3xM4hGalFWNQEL1zyLuR0PIsFfEZ7J8IXBQKv/mUc/xmAb7VenTSv6Of95irZHIhHbbpzHDWPHjsWqlY3YZ5+P4aN77YXOzm6ccMJJGD9hAiZNmoxjj/0KzvrmdzF79hZIxBM46oijMHPmTGyzzbbwOV4ez7FVWTieSo/gbXrAzg0OEKtzlmXXAOyxj8NvCb+79ne4/94Hcdst/8Jtt92BSr70Y9zMUTwnC1gl2NhLZ3uoKbCoUKP+GlQUcvtzWr8/t5GUsFNCHY6uWKZ6669JrjSE8AGesvLBAmEQYSRGutvDxLoa3PG3J7D3Z76OPT5xKvb85OnY8+Pfwh4fOxsf/9w5+N6ld2K7CdPR0ZzBgV8+DzvtfTS+eto12GRCPaJeDdBXg525GG78/fPY47OnYc8vnIKbf/Nv1I8pR3l1OUZPTuA7l92GTx98Ifbe//vY74uX4ZTv3siPRBU8kB8Nr9OBHzU4+Bs/x4fY7hmn/xk1Y6sR98rQuCyFT3zpcnx4nzOZfh+L5q7ETmPrcc2Vj2KvT3wb3/j2rYiPqYb+B9F9/rw2tocGgEJ7rKkin9a8AoNcKsvpRT+pO+3Ol+JGM/ygAPoa9J9R2N2jB2Tb1UWuIKPETSUDuMrLglsy2xZTnThsHoVgi8rgztawPT3P95n3JElLGLBMgmmKMKionYTmrma80nwnKvkxLeV78CUD7YKx9gvYDGDAlA8EfUZBqnz8hy62pX3JBst0OoWmpkYsWPIaMhkPr7wyB9ddfy3WrFqDRx55BA8+dD8/vtVj6rTpuOHGf+Cyn16EtxYuQCwShc++UpvtyX/I+P+5ZsROHqC3tw/bb78tvnHqKVi+fDn6+vrw9a+fjJmbzuL4NWf94nEsfIss420nhhsrz1Cf0RF2OJMdTmHSOrGZs2xNRZsgX5MiOEX5t50N1WvQ1fYcriGF0rAEJWyGKVsJnEYhayVDcMZFbX0VdpmxJXbZZHPsusls7DZzS+w6c3NL7zxlEtDnQNI+dpo6hfwdsMuUmTA9rJuiE1JAuieNhglV2H2T7fCR6VuhvD7BYJgJdqF9Lj4ybTL2nLU1sQUxDbtPnwLHxKD/Us6THhhPsPvkydh71maYPXkSJBUFuAijXEh7z5yOfTbdAXtN3xpRPwKHdmwyaSz22Wxr7DVjCvW4gJOEz4VrOADGeHynMBgyLxbIXtr/YmSLChIDw3qBHvqJN3QwqdKmhuUEoLp8GAZfCw2IQh5vDHppYRG0DqFtBjoNdNgc/vTPB5gHz+INfEDtY2pgoH97xad9uvNIpQ0qa8eg1+/AK8vuQ0LWIYMOeAzOvuPBF3ZCfFufTlI1CK4im6g34P8nn4Ym0T42aUzGfgScMGY6HIdjTpANP+Ojir+mKqqqkOH8WL58Gfbf/wAc8+UTMGPGJsjQP6AvRAT5Pz8xcr1jHnBUk9gnXNeFHnOOGl2DY487Bocc9iXEy6IQzjE36qgkhGtFuDYUlrERD0M9Ojd8poDwD9ugfp29mgcvn3NXyCNZ8maNkvx3nalGFkAY4xjMetel0ducRg/THqZKKy/ZkYHRRc/JnO7w0LsuhWRHOmenlhl2NN3roac1jd62dE5ehbQ82ZlBT0s6h772NBeRWsHGGSzVkckulrNtTfVDH+hWZAz6VGdLEqnOFF3KOqySYVtdzSn0tqcYixhIyGYhCi7y1C5jB6mgZD0ZVswpI+0QQ9agQSw3DJ68IRLkydqgW+iH4Vfob0P4y8BxeuD5PaipnoYIjxXmL30I7eZ5BtoUjIlAFAzB4IIAtC7B25J4b1w+51jEjVhjnn72WVRVVmOPvXbHo48+iqeeedry77//PixlsJ0//0089tijuOwnl9idlv5Nh1tuuwUvv/wSZZ/KIqjT092H91I/8X687BLQCaPGi/1PACj1Kn+J3Hrrrbjnrvtw57/uxh3/ugv33n0f/vWvO7BowSK4Toy74P5YoXU2Bv0WhJRqy6eB9QXW9ZWrxmFBVIqOMQx+vDU3JFTGMLCEsMJUwtvOT6Euy6OMpgV8LWOAsAkVqY6gEmyCvEvtcVyBQmljDDVqDa2te7uA1jIWMEAwHxRBRCwYUmElyWdzpIe46VGaZgWoyaYi3A3ThkAHuUVKtG2FFeaDzQLqAMJhVcMdlAIMviJibRQJbBMRhJdVGxgLtaEUQllNtc1i+AjsU77SvlXKjmuFYuSxHW2M57rxRBSJ8gQWrnoFS/qehOuu4+FLK7XSMb7LNEM3aBua5Cko1v1fyxskUylUxKtw7W9/iYt/eD7+ccOf8PDj9+GBh+5EVdlo3PKvf2Dx0oV4ff5ruOOeW1AWrcIvrvkpfvnrK/C7P1yNF19+Cvc98C88+vj9eOyJB1AerUWKxxb/tS59UBoW7YjOnQDJ3iTKY6Pw7IuP4/AvH4pP7f9JfOazn8YBn90f+336kzjxpOOwrm0tXCeGDOcmJ58q2HjomlNkNRlNaZtAlILJK7OMEg+uhhLct82iCby5pNarga6DiipAQw1tFlrDJIw5YNbSKmj5lOMNpR0tzLYi5DhkOLaQOUdAFgx3L6pTd6udjX2QLJ+lgYls3BEHWldEICwXEdiLiZJkQfnKE8vjQzPFINtxBX26+016EFG9LqXYUx47JFtSSPdlmAccq9SS9iEiNtV+BoTmjT0m6VpLu6nGjQlCMZXRwGjB4Kz5ECJiSVtGil20asOUrKFvFQwlsjTdGHIGTdlzuH4ZqmvqsaZ9Dl5vvRdxtwMpe7ygO14fPmgbd71BLM8qH1Tjf69ARJBKZVDP45Kxo8ehunw0KhOjbdDV88SaigYk3AoG3EpUVzbw1w4wetR4jK4ZxzrjbaCtSoxGZbzOIp1JQ4R9/+916YPXMqeP4zhI86inLD4KkydOxdQp0zFl8jQLpSeMm4RYJM4Y4gf9fweHQFWJ6BMInshdeaEpxysmhiNTXCebl6BBOsAyxD6H/ZCgdk5eA0W6BfBTVCiABho9SlC+q38PjzD6c52r1olymfOYwGFAEgY74cfxZHcaGrzdOMt4HOAonwEu2Z7BzB2mYMtdZ3AxcQGwx2kGRjfuwOX5j0+dGQZEh/odykseQNpnYEt1puEmXJ7nGb45PTisB2u/ADRX62q2uymJzbafiYYpDfD4J9ObzonN2m466sbVwOf5ZqonA720nhMx0C/fvu5qqczhr9xMOo1MKk35Kuz08S3A6IXkGg/2bzXQfq2rfTW0zdAfCuU5NELnQpCnYcrcQPA1MXQNdjknkEf7fh9G1U1BV1cf5q58kBN+Cc3upX/iFHdg2G8+mXeZZ0XeJN6zt4igo73L/geaermzSnEXnEymoIu9lx9zdN7omOmuy3AOdbR1oaOjm+jiPPHsrjnFcVSIvMc7+54dhSEMo0t9GOic9zMZrFmzDqtWNmH1qmYLpZua2mC4PqDrQpeDAm/jYlu8sxVDKkw5pWmH3lmBoqR0o06R1HqygbiwuyB0kRonDeiXak4+7aRhwDHwyQth+MZxtOsEawngMGDATkaW8QuO/nWy8soYjjv7YEzaooETvgfNzd2o33QUJ7GP9nXd6GvOwOli3UgGfU1pTJk9Fkme86Y6WN7oo25SGXzSK1d3Ycz0WnQ0MVA5Ljq8NBrGjcHEiQ1Y0dGOKHdcdWOr0Eo5uwuO80PQBEFrUzv6khl4ThIZTde5bNNButlF3dQEg8k6VDD4Jmh755peuE4M4rFfroOWtZ1w4CJmKrHPx3fD9rtsgmeal6JuRhwm4mNlcyc+/uk9MX2LWvKXoWFaLZAU9K3rQPeaTiTKBZEKgwx3h+tWt6J2fJz6MyivBiZOqsMen5mF4879DEyyBw77D/pMXQz92w10s6EdFhqNYegkMuEB0NTn5FN4TAlyi2/WgM9+KYymjoFPQFg/C8PUgm37DjWLC59/jO/BSUVQXjMV3dKHF5c9jE68gTTnA/ixUpg6+jESPoc8ST/5FoDalw+/2Kz/Ut5luyEcCJQW+g4D4HFRK5ggvJQeCK3vsP4IjHknfNA/Fup/z2hefVwKQXvQceSctWk4WAWpMOcUQBzNgy9bA+F6EAEciUJMgg1qmaF8OIfBGa20zmPlswjCh8oxKbpLc4uEhs5qIyFCSc2XokMerEm0HkILdKK6rotx48ahvIrng2jFMScdhKO/fCTO/P5p2GGPzXDy9w/GOT/9BmZtOQVfOfOL+MIXD2D6aczYrhyXXHEijvjy53DGJUfge+cejoMOOhDHf+tLEAaRDqRRXVeBRKWDC887Fief/RUcfdyXcew3D8R2+8zA1045Ckcfcwg+/sUdccgxn8bUzRuw2Y4TcegpH8eXTt4J5/3iWBxy8AG45sffwEGH74MTTz8UH/3CbDQ3rYFbmUZ7Uws+vO9UnHLGl3H89w7E1ttOgRvpwfknHIojjvgSjv/6l7HTLtMg0T44DMKXnXo0jvzywfjamV+m7RNw2kVH4pRvHY+G+tFY3NSKzx21D4488hAce+rhmDp9HGJlHqbPmICdd94WW+w6E71NfbDzB4LwEglowyBn2GftN+jXsFz93E8PTeWPXClJ0WDPAkfS0KBqGFTLKxtoZwLzVz6KRvM0Ik6UH9nUJo9mcCJapfogzQDM6u/tm6aKCCoqK1BVXYmqqgpUVg+E8hWlygbyKqljBJX058ahfxzU9yGqOVbFqOG4xeNxvvA2cLpx/A3HX2ewXWYkeGeVCFmSpXVlGaufT64HVsyVYMiZXrA88+psIKmGKPKqhTaEaV6RkhpswS6owb7nQ3g0kE4n0dbWjIP22h6bbzYLv77m51i4ZC4+9ok9MHZiPeYvmYOpm47Ddh/aEvPeegFbbbUpvzhvxwXi4uabb0BvqgV1oxO4+pJfYdKksdhmp+lowyrUj6lH/dgai8Wr5uHa3/0C4yePweytZnFRRbGWu9POjhZMnjoG8YRBWXkMY8ePwrjxZejoXo7f//xvPDeaiDlvPIklKxdhl50/hPloYjAFtaew7z77orltBa645OfQfzY6ZfJUbLbZDFz9y58wvwKf3O+j6OpuwbRpUzB12iRc86tfoKltGT5Bft2oWvv3RF956U37r+HGMABHY8CyFQsZqIEJk8dideMazJ0/D/c/8DQqx8eh/gqGlc61b+LA94aJsY4VTgJB7nJylCVYC/ngMFj++h9ay2EwFTgmBT36iEQrUVZbjaVrX8OirnsRddcgjST1uxDxANAO3jZV2gLv2Uv9J44g6XWjtXMt1rWvQUvHGrQyHcF71w86RsXQsevsbYbLX6U6ru/YpMubz6LzWVSzwIglNJMNusJU14xlFTyKlmRBGbBB2cIGNKBqZ4tRUqUGCyOIx2IMehFEeO4p3FF1Nrbz8LwT4nho5zHBgrfeIi10pIvKqiqsa+7imVon2nkWd9+rjVi5qgVN3IHOw6MTP8foAAAQAElEQVRIZ7q5e44BWAdj0hDX4y4siYzXi8aFzYD4aGltwosvPWeD6mZbbMIz4D7U1dWibnQtYokIuruT1NmIp9tXY9XqFjQ2dRA9bL8cO2IiyhKj0cFw6WeiSPYZzEc3YBJweOjs8yd457JutplhfxzE4lHE2L+014fVyxp5Vkw9Ue1XG5YsXQxah3G1lXhj/ptYtGQhttxqNuoaauGZDPQ8MRaLo5dSajc4nGDAtYBh/wLfc7NLGgR5zIS+F/pWRCAiIDkQKH2F9fNTKqcJhk0bxN1yjK6vw5qO+Zjb9G8knD5knF74evykNorDtoJ2AaFheM9fLn95Jb0eTJ44HYcffDSO+fLxOPqI43DU4V8dwfvKB8fiK0eegI/v+xn0ZToQjUYgIsTwp2CwqkrLC1/ODvVpqfChtJvNMwsHAs1qqvliOMWMt5dXE6V0VW29dEnA9YF4VRStS7oZLFP4wuc+h/J4DG8ufA3fvvgUzJ41Gw89fD+aGYRdSeDWPzyMV154DRMapmLN2hYGqnlob+vEFNShpyuFzs5e6p2NxsZGdHZ0kK5Ge2sr2lraEJEIttpse5x76dloXLsWy5euwPTpm3IH6aC9vROvzp2L7bb6EHbYYQv0JNdxt9rB4OuhHDVobl0HfitBb28G69rW4fjvH4aGMaNRixgee+IxjKufgCvPOpUDHMec117BihUrcc7/nYsJ46fiscefRFdnH+a8+irWNq7F9y8/nUcLY/Dvxx5Ce2c79WaoJYqeNkF1TQ3GNoxBMtln7e9o78Bbby1ExEngi5/bE23LuqAfG4MoZhCkTOwtcKDjwMCrLzNkr3w6y3r7iWHQ9SFpF/W1k5FM9+GFpffwZfQWUozqxtQCPKu2Z/8mRnvwvroikQjtzWDs2LE83tkFu+22O3b/yB7EntjjIxuH3TeyfnH769O3vvJife/nvPZVoX3QNMAe2HrLrTiehusyAk5P0ro+mAzjDiXD1FaxGfuwWX0YfRTBR7AG/SJ+mHVCYkPS/oY8VlMVOlnJlbxmmLXrPXhQjoysMbqDAlSWxgUJnCqfP8F/h5tvvw0LFy/HNT/7J/72zxtxzTW/wyP3v46b/nQPXnp8ITdcMfz+6htwz33346/X3YA3XlmB3/3qLxhV4+Dhe5/Drf+4H9uMGoe/X38r5r70FrZrmIF77/g37r/lMaS6BA/c9yCu+/31+OOVN+LlRxfhb3+/BX/9++24+Q9P4l9/eRr/vPEO/OH663H1j/+I+25/Cvff+TQ2ry/H9b/5O5pWJ/HEna/gwQcfRVdHHxbNX4pZo2vw/H1v4LfXXo8HH3oQ53/zUjx+3yv481V34oZ/3oZrf3E9nrznFfzr5gcw57m38KcrbsbNt9yGP/z275jz8CL88y93Yu4LS1BbX4Gqhiju+9ujuPVfd+L6627Cv/7wFG6+4SG88fxaXH31dXhrwQokasvhZeg3+hIWfFq/G+tjPeO1LveZDe/sy0/9buzPfy1UUA+Fla9TSahCR1N8Y3e1fLIFIdgGdRmGUeX5bL+8ugEZyfDI5ymksAi602UlcINOYdXms54P3z6NrQ1tgHlm3rN3ii+8uFOJF158Ad888ySccPLROJ444etMNxLvhI7j82xYn771lefrer/T2leF9kPTE75+DL76tSPx059divJYDXp6ehk7fM5Hf4i51z9PJbsudLr6vvBXJ1ifVY1HVpo0dVEG3OiIXResayM7ZQFyQpDPfPGt66yYt/48dQkbBH/6Cr9S2n+RxEVlkGFdIbj2QCGCS5v5gFYu2PV+sMjq8XmeKWhZ04uXn1iJxoW9qB9Thzefb0bb6gx3gHXo7eHP2HTGHh+IC8x7ehkDkPBMsQEZ/tTnL0QYP4p0n8sdWYS7SANP/4lxJgI/7TPounh97gKsXLEWC+Y3IVFXieqxVWjkDnLxK22oGleNURMqsfLNLqx5g31waqm/DJlkhPHC4Q4U1BNlPQcrFrXhb1c/gFSmlx3gjrihCl1tDpa92AGJV8F1qlE9oQaLnm1Fsttg1NhqdLd5cE05yuqrsfCpFvS0OojzfLe3CxAvighAu9MoH5PA8pfa0LECtK8BydY4Eok6tC1Po3VpCnx1cxIIpQ10nBW0jDQnBAOwBlEW8lYZkE85ThDlK8Ax0+BrwY9xlKBscNsaBrQzgHJtIGewNo4P4zjw/AwS5bWIV4zBG6uexnLvPjhOikcn7IH0ke6F40UgvsPqaabGIr8dFrx3b1F/+YixrzVVdairridGo7Z6BO83H4yqqUdVopaxIAXhuIrvcy76g8w9Q34+ON+5bsgEq8EECw0+dxa+STGfIa26HIiGWVblDTDHphBcASegC59OYXZDc5KtMHgDoURWcPCEKuKVEYyZXI7yei5cnmFWjYmivC4C/V8jxCoE0TKBy49fDllV/IgWScQQKYsgmogilfTQ3dqHSFxbNBChbNRleRSRaBzgGc8Nf7oXjavaMFn/nm3KYYAUVI+KYtT4GFzPAyMpauqjqGTwY23+pI8gXhGnzhgDigPHNYiVu9SVhlvfg2R7DwNbkgOQQbwyhsrJ1YjEypBJG/Q096JqQhli8QS8dIQ2lEMcgj+/a6ZW8Qw5CuMJXDcCh0Eqh7SgfFQc0XKBfkRjMQxHXvPRcofxy2CoS0Rs31WGUwfGaCAJ6ogrZCuY+FSVnSECIYN5+wRYZAEGXDgZ0EBAZWmHE3FROaoOq9Ytw4LOZ/ni62b/XU49+gW8dIIKU4Xq1VRB1vvmpr3qsd7uPnR19hC9PMYaQU/X+8sH3R09SKZSEOGA6uTTRKH0BqC4SpgXyAZoKRR1CrPvXE5olAJM8xc/BrmE67anJYXnl6/CiwyOy9b0oafJxwsrm/HS6nVYsqYbC9d24flVa9HXIUA0irnkP7dyOc962xiwa7Hdblvw4xp3nQyQbkws/dyqlXizsQ2MDIhHInhuzRrMW9YEJ+qjcXU3nl7eQqyD/n3gVK/Bc8tb8eryTloZQfdaH08tX4dFq3oA1u1e5+HpFS1YsLITnavT2GG37fhB0EFfXxdW8sPeE8tWY+3qVoweV4Gtdt4ES1c1oYM2GwbWNHe2LaTb1/bg+aWN7FsfbRKA8d5GuTDaMTX8KW88DZg+AydN4W34c4cxlNTQt8pYf9tAyfCh+sj02YjqBMgLVbDMkjRDuRozbUqmTY3P9tUOA8/z+SIwGN0wGet61uCltTfw3LkFSZ+/KNweatddACtSF58fnFv7o/jg9OgD1ZMhO/NujRsDuUi/cl0rDHO8A57JKxvMPmewguHxbZOlRdWGEFkJLuEsVZi4UQdd61KYOnsCLvr68TjnKwfxQ9Ku2HSHCTjn2INx3omH43MHfAiHHbQHzv/a0Rg/axSWr2nHVw/ZB5d881hsMrMOe+67Hb5x2lHYZffZyPT5aF3bib323RqXnnocvnLwnuhq6cHsnSfjkq8fheMO/xjaWP+Tn90R55/4JZx3wpcwZpMa1I6txDnHfR6nHrMv0l1d2GK3cbj0lENw1GEfwZo1bZi53XhcfNIhOOGoj2HizFp89fgv4cgTDsC6rm58/uDdcOlph2LTrUdj1z02xddPORyf2m8b7PrJLVEzOooJs+qw+75b4kP7TMc5J3wW2+61CVKtfBtzB2nop3wwxubCo2HwwwZdg4wJg6xhAGaEDLQ5gAgbBkMxgzRPjEgpnYXNsVyN8V0eswhqaxt4rJPCnEX/Rtp5Br3SigxFIL2UTgcVSY3cIx74X/CAiE5+IHgid3Fp5ejBiOHIlKwbBNHiJkuIFsSBgfIignQqjYpEOQ4/7FBUVSWw6aaT8YXP74dtd9gE++y9Kzq7m3H0kV/A5rMnoaGhEgd+fm989asfxZ6774pYRHDCSUcgnhAk09zZ8ufxuu4kdt5rC3z6U/tzx5bClrM3x8c/sxM+95n9EWWQ327bbXDosZ/EPvvuhslT61E/thqfPnAv7P+Fj2Db7TfF+HGV+PDHJ+OLX9qHetPYddctcOq3PomDDvoEqqqjmDZtPHbcdSbSphW9fS046piP86v3LkjwmOOYYw+iTARpr4NBqhcf3WtP6H+qcpNZE6lnB3x0752x+647I9nTA7cC0FHLiGEA64dugvGuX9mx4PjYgMxQb2gHo2fQMosNo7Hw9Fk/5lXzvCyeqMYbbz6PNjwLxxmPjNsBP0KfmyhPIqLgAyPXiAc+cB7gWujvU0HGsm0s5DqymezDZ6rIrSfm828nP7N+OlAFfsSBbp244LgC4bg+dMcGLlIgsEAXs4XmHRqrYKJyAdIsyUAiDla3d2E2d5fxhIdvXvoF/O2ff0VrayuDZBRvLnoDV/z5DKxZ24jX5r2CO+75J2qqyrD99luguk7Qk25CRU2UQTeJefPn45+PPYpVSGPzLbZCd18nzvn5YTj3wmt5dlttzTv7yoPx4pznsNlmm6Kjow33PXQn7n/gftTXjsGSpW9iTdMCdGfaGCzrMWX6BPR5bcigm7vqaUjwDPq0y76L835wHZ587DX7d3tvv/0BbLrFVNTUOWjvWc6Pfx560x5eeWMZ/vDAg4gkImhtaUFfupXnuj3oS3XhmReewj+eeRrltXr+68Phy6cQhSNhuOvth8eXCUH/G8NUQU9q0CwAefZs1uGY5cHQ+YZny8bjSBkDMNjyZoYM+g3sreH5hxY5UkY+UFlWhuqKKVi08k0s9m9HhOPt+b08ek8gwg+aYlwY9kFEmGLk+l/3wPuy/0KrnQKIwzzZmjj85sTpDUeiXDIJrguXsnrrulGAq0ZTrjcYsCbBynyqVDG0vJg3zDwXLQQ2Bgur+ARZ3CSRGM5NYQYPP+NhTHk5li5YYf8Bw4Xf+BUOPPAAjKqrQYY7YVcPfzEW6WQEUbeSO+IGuEznzXvD/t3byopqLF++HCtXLMeUiVNw6Mf2RDk7/ubC11FZFcUF37ga533/aLS1t0Bo7CWn/BE7bLM9lix7k2eWDsoSo1BRPgpeJobq8rHIJGPYYrMteXYbw+JlS1BRUQX9j6I89uTjNr38rPNw/nnHYusdN4NhwNH//Nybb85nEO+wfwd3xcoVDOBLMHnCJBy850fQ1bMO++2/J3fEH0Jd3SiYTASuxFGLGvgZwBGA9wBgQy4bOYsrqH+LeZrX1jQFREKasjp+0Iu0JuJC2D/4Pu2eiTVt8/Fq+62I8wOhx6+6YOR2ONgWlA8nkoNQJ5kj94gH3o8e4BKwG4nQdq6v/lktnOGSLTGwf1SelOhuJVuyvsRZn8B6y0MbsoKMbSFVlGazuUQrOtAv9vGKCFYtb8NNt93C4BrF6tVrcM/99+H1NxbhyadfRD12wKOPPYW3FqzEimUteOKpZ3H91Xfhqade4DGF4OlnXsTj97yGF196DVWVtZiECjx93zzce//dqCqvwqIlb+K+W57EPfc/iESiCq/PfxP//O2deOmlOVi1rBVr+MHsYK6/QAAAEABJREFUqaeewYIFS/mhzMdzz83Bjdffh1tvvhu93RksWrgMj97zCm67/X64cNDcvAYvPDMHD/37SaR6fTx46/N44onn4KVcPP/8a3j69nl4+aVXMHp0A2684Sb09fZh5cpVuO/BR6yNc159HVOcSgZeA419Ol7FyLlpOIShkILJ+m7dFVsZxz6heaNDAfsgU1MWqr5MLxrqZ6GtpwOvrLoTMXcp0tJLGd4U00nnw/D1WQiWjtwjHvjgeoBzH3a9CJ+EgJfA6GImpbfuYxSALiTlFIIrrJAx/JxtDRowbJ2sJkOGQm0QEfC2xQMf2Qp8m6STHo8CyvHqU0vw3av+iIuuuQVX/fkRzHl8JR6+ez7G1zfgX7c9gaXzmtDa2Ie/3PgAKuvLcdWfHsN3/u9PePieRYiVV+PCq2/E3be+gPJRFTyGqMX/s/cdgJIcxdlfzWx4OV0O0gWdAjpJJCEkgggyIEyQEAiDCQ7Y/DiQBYicbTI2tjEmmmxjggkWCCFQBuUcTyfdnS7fvRw2zXT/X/Xs7JvdnZcuSALtvPmmqqurq6t7umt6et67u/hnd+Gtn/gP/Os3L0bv0iW48peb8NZPfgUf++qFyHT34uc/vg477xnG4I5x/PKnv8XtVz2A8z/7TXz0i7/k9kkfbr5kL97xmR/h01/8NfuvF3deuY/lv4b3f/5/UBz3Gew34YP/9lMYvpJ/9zvX4rxPfg+X/nQL2hcP4JP/8TP86kcM7JuK3O74Ic7/3PdxwQ9uwO8uvB23XHofddq5yjYI3TaCZT/Wo7m/ZpZYZrG0s0F21tPqb0uwz1VJ7xOi0cGk3g8+CC3vmedxfzpA96J2cFGO27dezP3cGxHYPIzHPV1qx6eaakSc16KtHvh97gGdVzP5L3xV9RLBTXk/mYZwiSYAKVIOL0U2P5HONmrW6tKv30xHp1YYcTNfYx0LoS1b9jjRu/GY5auJZXj0sgF0Ls5iYEkGtmywdHk38j056npYt6wfwi/tj1nej8etXImlS9r51T3A41cswpKlWdgwgK0IFi3qxskr1+PEZcu5hQD0L+3AE1atwGOW6mu+xeLFnci2Z5HJ+Vi8tAtdizrxxJVHUGcZOy2HHspOXb0UJ65aDLqIriVZnLp6jdPxfQ8DS308ftUiIMxgzcoBnLZ6JQaW94JRCo9e0U/fO5HrbGOZlcQRWLpiMbqX9aFjSSd9FBzOQyAzm68F26qKS1Of91DYrqAcoqevh30zgDu3XYJd5kpY3XqQMvywnYUs0TpbPfAw6gEdkopD6BJnRLM1J3SXWl56tSqNUVOtMQcYeGnQZgBhgBP9wENHvBJXXBUYldkKeebZCEg9aANuxjNXqA+4IC50ieb0w5CuzvwckO32YIohgokSevq7qOsj28EyrAusH7ST78jC7TdytZbtEki+gkw2AwQe9UNkuyz0n2UsFyvcbsgj155xH748Bt1MPoOwYgF+hDKmAnCbPNMeUlZBZdIiKAgs6wjDCspTISpF6qokCJin+gYB7ZanyjBlpsVQJ0AYhgywzJsKUCGCkkVQMZRreVbjTgvLqJ6EaNpSrkBSFy6lEubWeNA3xCmWYYOZirRqckpcdcIrPxRoES5uVRVW+5xt13rDsrBvfPR0rcL2we3YVLoMOQ9c7RoWZPvULNQIk3WnZqhOEiqrU2olWj1weHpAg4eOYy6Z4MZn2hjFHIeOV4LzTziP3Bshk9YIjFIHzmkX3wxlFLAuIXQ+ciLRvrg5ZeiPESZnODmlZsiZS6yBlwEKfBm1OtekyAoZcLnaNAy4oVRgHMJ6S7WUyl1BWHro54A9+4dx064txC5iN0IJcP2OIdy443d43ouegbNecQae/rQn48i1y3Hj9tuo8wBu2LENm/cN4cwzn4ONJx2H63fvwHU7R3HT/m148tNOwROe9DjcsHcr7eyhfBfKIwGe8YxnYunyJbhm+xbcsGcY1+7aC3hlDO0bxbW7d+Jq7sdez49kwmBkubK2oQZv7SquvtnJIDxkeM0SQqAOmrLMh36cctGNEncjQ1hrHJA4PLFIQpfX1unzduodT+jGLLNph/nKwFAcEkxDAXd1VQv5GixEg67m0g+OHJZhvlGfwGozyEgWi3rXYnBsD27Y/Qu0+SGDLgMuSAEYr8hr2mkpVD+UJkFx62z1wGHuAWHQjQHoXFXIAmpNjlnldU4o5ZjnsLaMUWrMMrYZlDn3Ak4fZrAugQ8KOKvAI6rT47xUUJB6qnepGXMLI6eAqKKIxrymlI+BmQ866Ocs9g6O4enPfBw+966345Nv/Vu897V/iuJQER95/Svwj2/8KJ74xMdxG6EbpdIoevvz+NAb3ohPvv31+PT5b8Sjj1qCcmUM5fI4/v4lL6CN1+LVz30qO2YKxfIoXnz64/Fv73kDPvamv8TaEwfc79gu4yv/J97y1/js216BD7z2LAwPDuNpzzkBH3/DX+KTb/5zvOf/nYtgsgTLlbyREv3XwEZSPePWV5OHjYhoHx5K8+o5wTuvpkUE4nEnNxQY/RfHBlbxA6Pgjm0/RU7uQ2jYBzLF4WUJoSMsyGv6qfnpOS1pqwcOfw9wXFfD36GsS3RYK6pGY1ZqsU8zRC/zxmyzaN5GRLRSgXhExoNwn5DxlA8Brr7IGK7aFLqKSxplFsQD9G/ij1zZjxc893kYGd+Pnt48Tn/qk3Dun5+BY49Zj/u3bUJffxs8v4LjT1iPdetW4o+e8TTs2fMABvq78ScvfxGOXLMcGzcegzOe+TT4mQCLB/qw4dgjsPHEo/G8556JoZHdyHNb4ehj1mL9+pU45ti1OOmEjdiy7S4cd+wGvPIv/xjP+qNnYnBoJzq7snjG6U9FqViElw/pIwOTGCDuaDqubVEg7eD9Z8s5BOqvWlxEWIJBjjYMoRoUzHhqHRH4BKbFNEWaYV8350fl6ExdIU1XwdWvZbvE5mCCIvu9kw+adty15TKM4zqEfOBYGYVwOyeqw0JsnbE/7ATbqn2Y7PbmtwgudvSWpvTEXLoz5QvtKTQ/xWxL1NgD7j6pUNzv/vu+D403KjkkoP06O7w5IrxJVaHLZlIgTmITeU6QcvEi2SG4RnVC61RwOAIMuA5u5Dr3ahVZW606A4wUCzjy6BXQ1+D3/ctf4vs/+g727duB9UetwZ333Iwv/uhduOe+O+BTN7Rl5LjpuHX7/fjU19+Miy/5OZYs7ue+bQaThRFce+MVkGzAj1pAsTKFjq52pg3e+6+vw3s/8SlsuudOV4+u8nbsfAD//N/nYycD+FFHbaBvIT7xrb/FJVdcjJHxYa7wAozuLgCs11rL/PmdLpiqegME4gy4q9pzcKJZL1q3qhq1l6qpDwVmzJjPvNqpSgoN1CzHwGttiO6BHnT09eHenTdim/0VKuxs/X/XPN1uEecx3G2MLjVrf6iM9nl3Xzf6F/VBqYj2gfYbOC4UQirQI/kw0nIqi7vJ4z1PQvOcTmSqZiPW0bx8PocsobzqtzBHD0S3Ae2d7ZgoDqFQGUEX5/3h7j+RqOLoOu2jN83OyM1HZ8bCdRnVgRQPOHDAOSRriHUQHwJbAZYOdOGOKzfzFXcKn3//D/CKl70Ky5YvxY033oCNx23E+/7fF3DchuP5YYp7pNxr0T9oWHfkWnz23d/Fi886F/dt3YwKP3RlM3kMDCxCd3c3jj36WAYKwa5dO1GYKuILH/w+/vkjH8Sxxx2HIAiZ58GTHB15GrJeJ/X2YnJqHF/84M9xzlnnoKu7Hc869wyccdZp2Lt3Ej4/wLEQ9X8fz8aO14BreYd4c7jFkOGHyI6u5di2ew/unPgx3yzGUGQ/m+reL8gD1HURxs7QATPJZ1B/GIt1wuayWQwO78He/bscVVl7exv6+3vR3dvjJrn4nkv39PVAj87OTgbqfrS3t6O9o509JnzwdzCIZvlhN4NMLoP2fJvT6e7p5FsKXH6flvc88u1YsmQRxqZGMEHkclnq/OH0Kw7ToYuSHPt2hN8lTjn5KTj6qBMwMrGPi7G2Q9N/knS8LuEyrAa9htvEGYYIDRmuBDg2qsxBEdq21kAnquGyzAQWHmXiizNrGF0VoVSooyg7uUiGsUzg81W3FAi+9OXvclvhAdxw0y342te/gx/98Ar89Oe/QDko4dvf/R4u+sV1+NmPf42xsSK2bd2DbdsewOVXXYF//ux38KtfX4ZLL7kGt91+FzbdvRnf/MZ/45JfX4nfXnE9vvPNH2Dr1p24/sabcfmvbsQlv7kKV15+HX7xi4uxMbcSl1xyLa649Cbcfec27NixA7v33I/hoUEG4+0Y3L8bXcjzAcG2MBCB7bTsUtde5XnXbRWID6paBinLTkhSUC8GVRj4WEBtmBChs61SBji+DQhXmo3wEMAaBZ9W9EEQ0kYIqlYRAly9wgYRpQ4Iq3VQrhQsYb2KSrm90IFMOYslPUdjaKKI6/b+HMYfRJl+5lCCRzuW9xMsq3bgDt5Y1osmuMw/gIuPfL4dk+Ux/M1fvwHve89H8bevfSPKvD+jk8MuEO8f2o2Rsf0olou1tIiP4fF9TO/E6OSgg+9nMTy6zwXRAr9NTBZGGVSHnM4g5V1cIGj+vsHdKFcq1N2PXXu24xV/8hd4xcv/ElPFMXR2dgHwCSFaJ6D9oP3BeaL94mXQ2d3Fle4w3vD35+H1r38DznvLW/HsP3oexgtDDL4dgAtzqh+DoqZTKInyUdUXPgy1Oo/zWOF4yXK7rQ3QD+csMT0PlOP848xiJjwqR/CcVuMlXdqoNY+0hU5IKupEJc/YwQQggsShOjGqYuaHDNTtA3kM7RjHJ7/2Y3zuuxfjwgtv49N/CX70s1vwsa/8F774w19h6137ccENt2J8bAp7dg/js9/8Jj7zjV9h+dLluOHyB7BvRwU/+dmN+NC/fwVbb92PTdfvxAN3DWL/9nH841e/gy/94NeoVAxuuHIT7r5+G66//C7kujK4/brNuPbW+7nKXo6j1h2LJYtW4qabb8H3rrgKt19zHzoG2hmk1G/6rERBdrZT2LPa9hplO2fSN+yvWp6zPYtyVVfcDa6VSjBqLaSWM5SQK2ug/y0PTA8HTweMjKB/yTKEQY77upfDlwcoiwaP0AIEqAGPhEPgcbKVGATBqXPqqU/Cnj17cMwxx+LNb3wTTjr+ZLz7HR/E3/y/N+GcF/4J1qxai9f/3Xn4u795C3LZdid7x9veh7OZ98Lnn4ty2eLcF78ST3nSM/H4R5+KJ536DDzjaWc6G3/2qtdiZHQP/uTcV9PG27B82Sq88hV/hdf//dvw5Cc/BUesWg09dMtBaQsNPWA5QjnBPA5QfdvVXO2zD7zvA/jdNb/Dccc9SkXo6NJVr7IewDKgPuY6OHUsbUusR4ZnVNLJNaWZGvUI1ediRQiVRqAwYlKv9CZVviAhq6a+wLJirY4k4plQnpkNZ+x4JGZbAAbffGcGj9U/oFi2AquW9MOUfJFX4V0AABAASURBVKxb0ofHrFhL+RHItuVx0qIjcdNv78U3//P7ePyqx+Ex3JLgh3f0LelEltsBa5YuwmNXHo3uJb1o76eMez25tg48fsUanEBdfVL1LupCF7c3ehZ3IAwt2ntzOHJxF/79n76Nn17wE/ffAX31y7/EE1ZsQDtfCWHYTUJE7tZd2cS6tCa0dcLbVAfXSM2dGRoyOTqokGaV4sQ53a/Tuvqwi1ICVo/mg/IwB4/tCcsVvjL3ItPdgdu3XI8hXArPL0JQZLHIEzKPyDO608KHdAUTExMcIwa93b143eteh1KphMc++rE455yX4GUve5nje7t78OznnIEXvvBs6vVg9cpVOO2Jp+LUU09mYP0TPOdZz8FJJz2GgfdJeOHzX8g3uApOOfkJeOWf/hWe85wzsfbINTjzzGfjyQz0U1NTWM2gGwdcfRCgdTT3AIeyCju68twiHMJr/vK1OO3Jp+Hd730HXvCCP+aK9ww85qQnYA+/FXV0tFE1mhlkDu5UM65uvQjnCyE0yfmtwZqcO7nEYQwEDLSAE9VdojFWJzrARIN9y4BmQ1ZLOrNF9Zi5SghjDCqFAgJ+bAv4Gge/jKDM9JRFZUoQcgWhf99guOc4MV5EaWIS5eIkdBUXVCb5uj5O/QqCCdUVmAqbF/gwoUfdgDYCdoPABIChX/pHEyJMhyFC7hEPLOvAdZffj03X7cfK5Yupr3rCDnTdiNSDEdA9cJKUtTTJND9FnrSpZQzfGIzR+pI5zXyka7h1w8cemxkHXXYNHFhEdRRkq6dATAfbPsrXMw893auxafvN2Bz+Cr5fQiDDHEiGYLvFVMs8wgjHcRsf8ECIrq5OBsvTcOvtt3Jbaws7QvCpf/oH/PKXP+f3iAKuvvpqyrfC83wMDg7i6muvRlAJuGUwgnvuuQcveP4LHM1zX3f16lUIOc4KhSl88tMfwTXXXIPjuSrbs3M3Pv6Rj+PI1atx15134Ctf/TfceNONXC1XWB849kKIiOMf0ZeUxnMHAF3dnS7nRWefjSc/9RT8xV+8Gi968QvxR88+wz3MNLOjq4P9SG6B3cihwELpp3gCL3FflPeTaQhEqANB2sEpmyaej0wN0jUlTeqUN8lUMK1sOLGt23tM6mq+uhRBuDIDuJ9jRQsDoroaECwDRQZAFp7NslM132OaVFVImICI1ADWBxiKiSovTEUnCzGhf7XVv7gHnVwRB0UKRG1qHsu4spH23FeWTVESEXheDI887aeqpgox20EvgWoxGzOoPwSWg2USOdOJRd1rMDiyFbcP/Qa5zCAq+ru8zAf7UzSKM20lBGy9jT/4FPtwdHIUi3pWYt/e/fjCF76A//zGf+Ca665FJpPBa/7i73DGGc/mQ6sHfX397kPturXruKI9CflsHrl8nsH6Sbjppptx3KMehWuvvQb5fA7Lli3Dt77xX+jq6sab3vAOPO5xj8d9m+/lqrqMYzZuwN133YW1a9bhpee8EieeeCJy/LCmfa1BXWkLKT3AexVLs/pXqkzotxLLYcuphiw/kFIE/YtMpQtFwvx0USd0l5osbYoYThzFTBPIq5WeFxOrs2IXvHzaJSAQt9lsaIVuCMXgSsxBq48RwrCcIgq6IYNmyFVbEJXjqhDOjtpMggZpCywbgba5MnS61BcGi4jP0I6GF+ZTX6/qiYOacFCphXpET50+6L9WzSJcDVquTCzZGIa8tiuilish60qHTm55VTsRopRVY5EAerhqldF6OCIsqWE5haqCabiD5UVhYPhQMsyM4bJ50UHUCNXROqdhIBx9oitn2tH20ypC2q6EU1i07FhMlgJct+1HyPu7EOqDTXUN+0+DLusBZaK8Oq/pRwQsDD90ZvhAL/Kt66Jf/5Ir2yksXbwSt91xA7797W+gg6vhm2+9GT/43+/jzrvvxOTkOK648jJ87vP/hJ27d2Df4D788H9/gBtv/R1+8KP/cfuNF/ziAq6Sf4F9o1vwox99H3kG5+tuuBZf/vq/48orL8fu3bvxXz/4JoP71Vi+fBl+/vP/wyWX/Mb1+NjYBEebcXzrEveAJWNhObYVTGB8nFtCFQvDt2zD2FDmVlqF20KaZzmPdM7oPIig0jREdjl5eFraZ1pPvkLSBNMszXllbYW8zlFmwuPs9UBtZupkEd4vtU2ep3Jp8NKEs8tYGSeksCpwNWpDTlZWDf1lV4SgHyxOHZcfUcuA6UCXrEMUtAwbYfjlPOS7fwg2BgzAUmF5UuVjsDx7gvL4pF3KhPUJ7UHBm8DeYK0W7rcJPAsN8CH1FEIfFSB1nQhQVy9CpgomyVHDELYKkIKHJdg+mCpVXqHyCJaGFeqHbrQr6IZzXajCWObqNLxqsFRQTHtaK4k7VWJpglpsk7PHKo0WZtCuGVODVVCT+ixjLITwCAogXLGK688yefA12KJv8XpUMhXc/sDlbMm9VGNfM+jqb0YI3zA8GOoaeCZLb5J+MflIODkmPQ8oVwr8UPt9bLr/LgwPDqG7sx+XXnkx/uXfP4MvfPGf8d//8y3cvekWfPZfPoGvffOLyEoG3/v+t/Dpz/4DLv7Nz9GV78U3vvVlfpzbiQsv+il+csEPsah3CX5z+UX4+Cc/hG9++yu02YcLf/1/uHfLnejp6MN3/+cbDOCfxpe+9nlczro6cj2olIoQ3h8O0odh7z8ULllWahws79XI4Ah54D/+48t4z3vej4985GP48If/AR/4wIfxswsucHmjw2OkURlAKZNNp9pNgrNK5xH1tPsNgy9ZN19M3Z8MC0SDns596ME0zXic4x5lKkkDh1iaeDaZzJZZ3y46kK4sdDbOEceYIO6QKO2Eh/1yMHVpWcVhd9JVsLAbpR2fQejnAEZ+ET4guBoY6FiO9o4BbN5xOfYEVyPjLXOPLusXABfUMX3INPuI4rQf2GARD32di/hG0AmPkbhYLDFQ9mNR/zIsIQZ6FqMt043FA8uxuG8pPPHR17UYyxatQC/7uFQuY4DyrJ9nUB1AL22Njo6ju72fK+gVLggXi2Vnsz3bjUKhhP7uJbS13NXR1dbHbYgKRHgjeKJ1NPWAiPBjZwWd7b246OIL8LFPfBgf+sh78cEPv4cPwI/xLeVmtOW6UQmDprLzElT7ndUAVR48YlaSwjqeSnOcC5vPKcacU0l51aJQ5vKY1lWbA58g1q3ipp8mVIOIaoNPE6vJeUMfKFYvM5QQoV1ChDRFxzpfpuu0tGWrMut4riJJU4rOKXLl+dSrUZaIebKuzSLiqKbnQkg/DDGXXpxvyPCti4HVY7/6yDAA9PX244G9d+Oe8SuR8YZQskX3/LcoUbt1NvbA1FSBfcexyiGiLxclBsexkTGMjoxjYnzKbUuMDo9ibHRC7zSmpqYwNDSCQpGrVN7bCZVzPBWZLtCWBnD9rYhhrtLGxyYR29SPbiKCyYlJjI6OYpwBuszALSKNLrXSKT1Q5gOsr2sAK5cfgVUrj8RqYsXy1dwW6oHlJBAR6AsjeB9Tis8taixHe5y4tXIum7dKIFVZTKvJFMKwmCKdr6hao0i1oipxxVWmqDnjpOwIBtiQBXlGkugqIlhIYIlKRUY0oEXp5mvSpeZc+tIQzFySF+FDgg5xclgCDa3AHIeN8qvE3XDadMKqTEQgIhQpSGY9JfKhWnZWVZcpvIbwOdr8oAum3Illy1dgeGo7btz7S2Rd0C0hkAKMp1s8qo/W0dgDKd0iQiFPKKgvQoYnWXeKJBNOFF2SYtVJpCMFXikT4YXsQZyPuKIigqnJIvbvGcS+Xfuwj3R4/zDfGALXF/qAc8whvOhdEtFrs9EZxHWKBxd4GVF001o4CiW2pEutuioaEqrHL/sN0oNMykGWry8e36jYakzrtTQ170ioykSafpqMqonTVh2KaSJrBla4+26QBRAWcli8dD0KQYjbt16LrP8AQinDesz1yoAEgGo2udEkoN4j5GTTRQRt+Tb3579tbW1o4WHeB+30z6Ed+fY871ce7UzrbzYYjVO8pwxTh3gAq1E1ScpTuWakZ3jNirNJqlGVe4aWH9h00lo3edk0w0lMmeWGt+XrFdxLrOFKzcBjixViwXQEzVc91Xf7kL6FxuMgDKEwxkAPmiThHiU0QCRBmRZwALi4c2CogUdfPO7reLTl8VXD4wqb3424umOuR9CRkLCEyRgYtsfQb63T0netswZG3RAG3HRgK9CEqEH0VaZh1W4VWjaGLveFHxKFHxRj0BuEKT/TNYEHa6d99S2kn/orM3SIcjZGHdU87uVa9oXlXqPlniRIg8oU+pbkkMvkcMd9d2A3boblxzb2HMsaui5V6I1RaRKGOo+8U8e1eBmUwhLGCkPuT3/HpobQwu9RH0wMYYQYIyaKI/AlC72vgM8BrSA5qFPnnf5SgRqJ50w0k8FYAXA+aRaEV+ry2nimSxu1Zk1rJTFUMclrehrqRuyTak07GOnobyNEHGD4am6riGX1NLJQLwObqgEjPQ8Nh3GttzB0zFYdY5UNWocuy', '2025-10-27 15:50:00', 100, 'both', NULL, NULL, 1, 1, 'draft', '2025-10-27 11:50:47', '2025-10-27 11:51:50');
INSERT INTO `assignments` (`id`, `title`, `description`, `due_date`, `max_score`, `submission_type`, `allowed_file_types`, `rubric`, `course_id`, `created_by`, `status`, `created_at`, `updated_at`) VALUES
(7, 'Test for Core Concepts and Elements of Graphic Design', '<span id=\"docs-internal-guid-991c2110-7fff-67ac-4ebe-cd4f1caf6348\"><h2 dir=\"ltr\" style=\"\"><b><font size=\"5\">Instructions</font></b></h2><p style=\"\"><ol style=\"list-style-type: lower-alpha; margin-left: 25px;\"><li>Read each question carefully.</li><li>Answer in clear sentences for short questions.</li><li>Choose the correct option (A, B, C, or D) for multiple-choice questions.</li><li>Total Marks: 50</li></ol></p><div style=\"\"><br></div><div style=\"\"><br></div><div style=\"\"><b><font size=\"5\">SECTION A — Understanding and Explanation (Short Answers)</font></b></div><div style=\"\"><br></div><p style=\"\"><ol style=\"list-style-type: decimal; margin-left: 25px;\"><li>In your own words, explain what makes graphic design more than “making things look nice.”</li><li>Why is it important for a designer to understand the message before starting to design?</li><li>How can the wrong color mode (RGB vs CMYK) cause problems when printing a design? Give one example.</li><li>What is the main difference between Flat Design and Material Design?</li><li>How do micro-interactions (like a button glowing when clicked) improve the user experience?</li><li>Give one example of how poor mapping in a design can confuse users.</li><li>How does accessibility in design help make digital products fair for everyone?</li><li>What does the principle of consistency mean in user interface design, and why is it important?</li></ol></p><div style=\"\"><br></div><div style=\"\"><br></div><div style=\"\"><b><font size=\"5\">SECTION B — Application &amp; Analysis (Scenario-Based)</font></b></div><div style=\"\"><br></div><p style=\"\"><p>1. Scenario: You are designing a food delivery app. The “Order Now” button should stand out clearly.</p><p>a. What colors and design principles would you apply to make it visible but not annoying?</p><p>b. What feedback should appear when users press it?</p><p><br></p><p>2. Scenario: A website form asks users to upload a photo, but many skip it because they don’t notice the upload area.</p></p><div style=\"\">&nbsp; &nbsp; Suggest two simple design changes to fix this problem.</div><div style=\"\"><br></div><div style=\"\">3.Scenario: Your client wants a logo with small photos and shadows, but you plan to make it a vector.</div><div style=\"\">&nbsp; &nbsp; Why would your version be better for scaling and printing?</div><div style=\"\"><br></div><div style=\"\">4. Scenario: A mobile app uses neumorphism (soft, 3D-like buttons). Some users complain that buttons are hard to see.</div><div style=\"\">&nbsp; &nbsp; &nbsp;What design principle is being ignored here, and how could you fix it?</div><div style=\"\"><br></div><div style=\"\"><br></div><div style=\"\"><br></div><div style=\"\"><b><font size=\"5\">SECTION C — Multiple Choice Questions (Choose the correct answer)</font></b></div><div style=\"\"><br></div><div style=\"\">1. Which of the following best defines conceptual thinking in design?</div><div style=\"\"><br></div><div style=\"\">&nbsp;A. Using only your imagination to draw freely</div><div style=\"\"><br></div><div style=\"\">&nbsp;B. Turning ideas and messages into visual meaning</div><div style=\"\"><br></div><div style=\"\">&nbsp;C. Learning how to use Photoshop and Illustrator</div><div style=\"\"><br></div><div style=\"\">&nbsp;D. Collecting pictures and icons from the internet</div><div style=\"\"><br></div><div style=\"\">&nbsp;Answer: ___</div><div style=\"\"><br></div><div style=\"\"><br></div><div style=\"\">2. Which of these tools is best for creating a logo that scales to any size?</div><div style=\"\"><br></div><div style=\"\">&nbsp;A. Photoshop</div><div style=\"\"><br></div><div style=\"\">&nbsp;B. Figma</div><div style=\"\"><br></div><div style=\"\">&nbsp;C. Illustrator</div><div style=\"\"><br></div><div style=\"\">&nbsp;D. Procreate</div><div style=\"\"><br></div><div style=\"\">&nbsp;Answer: ___</div><div style=\"\"><br></div><div style=\"\"><br></div><div style=\"\">3. In UI design, affordance means:</div><div style=\"\"><br></div><div style=\"\">&nbsp;A. The price of the design tools</div><div style=\"\"><br></div><div style=\"\">&nbsp;B. How a design shows what users can do with it</div><div style=\"\"><br></div><div style=\"\">&nbsp;C. The amount of color used in a page</div><div style=\"\"><br></div><div style=\"\">&nbsp;D. How fast a design loads online</div><div style=\"\"><br></div><div style=\"\">&nbsp;Answer: ___</div><div style=\"\"><br></div><div style=\"\"><br></div><div style=\"\">4. Which of the following is a micro-interaction?</div><div style=\"\"><br></div><div style=\"\">&nbsp;A. The homepage layout</div><div style=\"\"><br></div><div style=\"\">&nbsp;B. The loading spinner after pressing “Submit”</div><div style=\"\"><br></div><div style=\"\">&nbsp;C. The background image of a website</div><div style=\"\"><br></div><div style=\"\">&nbsp;D. The overall navigation structure</div><div style=\"\"><br></div><div style=\"\">&nbsp;Answer: ___</div><div style=\"\"><br></div><div style=\"\"><br></div><div style=\"\">5. Design tokens are used to:</div><div style=\"\"><br></div><div style=\"\">&nbsp;A. Store design details like colors and spacing for reuse</div><div style=\"\"><br></div><div style=\"\">&nbsp;B. Encrypt user data in a website</div><div style=\"\"><br></div><div style=\"\">&nbsp;C. Replace CSS and HTML</div><div style=\"\"><br></div><div style=\"\">&nbsp;D. Create animation effects</div><div style=\"\"><br></div><div style=\"\">&nbsp;Answer: ___</div><div style=\"\"><br></div><div style=\"\"><br></div><div style=\"\">5. Which principle helps users find what’s most important on a screen first?</div><div style=\"\"><br></div><div style=\"\">&nbsp;A. Alignment</div><div style=\"\"><br></div><div style=\"\">&nbsp;B. Hierarchy</div><div style=\"\"><br></div><div style=\"\">&nbsp;C. Proximity</div><div style=\"\"><br></div><div style=\"\">&nbsp;D. Simplicity</div><div style=\"\"><br></div><div style=\"\">&nbsp;Answer: ___</div><div style=\"\"><br></div><div style=\"\"><br></div><div style=\"\">6. Which example shows good mapping?</div><div style=\"\"><br></div><div style=\"\">&nbsp;A. Turning a knob clockwise increases the volume</div><div style=\"\"><br></div><div style=\"\">&nbsp;B. Clicking a button hides the wrong menu</div><div style=\"\"><br></div><div style=\"\">&nbsp;C. Swiping left opens a random page</div><div style=\"\"><br></div><div style=\"\">&nbsp;D. Typing text automatically deletes old content</div><div style=\"\"><br></div><div style=\"\">&nbsp;Answer: ___</div></span>', '2025-10-29 17:30:00', 100, 'both', NULL, NULL, 2, 1, 'completed', '2025-10-29 13:39:22', '2025-10-29 14:22:28');

-- --------------------------------------------------------

--
-- Table structure for table `courses`
--

CREATE TABLE `courses` (
  `id` int(11) NOT NULL,
  `code` varchar(20) NOT NULL,
  `title` varchar(100) NOT NULL,
  `description` text NOT NULL,
  `credits` int(11) NOT NULL,
  `start_date` date NOT NULL,
  `end_date` date NOT NULL,
  `is_active` tinyint(1) NOT NULL DEFAULT '1',
  `max_students` int(11) NOT NULL,
  `instructor_id` int(11) NOT NULL,
  `created_at` datetime NOT NULL,
  `updated_at` datetime NOT NULL
) ENGINE=InnoDB DEFAULT CHARSET=latin1;

--
-- Dumping data for table `courses`
--

INSERT INTO `courses` (`id`, `code`, `title`, `description`, `credits`, `start_date`, `end_date`, `is_active`, `max_students`, `instructor_id`, `created_at`, `updated_at`) VALUES
(1, 'SPEWI302', 'Development of web user interface', 'This module describes the skills, knowledge and attitudes required to the basics of web design and development tools and familiarize with HTML4 and HTML5 tags, creating and formatting content of web sites, use CSS rules and properties for web site layouts and content presentation. At the end of this module the students will be able to design responsive web sites, to combine HTML and CSS to create static web pages, to manage web pages on local computer and on remote servers, to use advanced web development tools known as WYSIWYG(what you see is what you get) tools. Students will be able to use CSS frameworks  to ease the development process.', 3, '2025-10-01', '2025-12-31', 1, 30, 1, '2025-10-20 11:19:09', '2025-10-20 11:19:09'),
(2, 'SPEGI302', 'Graphic User Interface Design', 'Graphic User Interface Design', 3, '2025-10-01', '2025-11-08', 1, 30, 1, '2025-10-22 15:21:56', '2025-10-22 15:21:56');

-- --------------------------------------------------------

--
-- Table structure for table `proctoring_events`
--

CREATE TABLE `proctoring_events` (
  `id` int(11) NOT NULL,
  `session_id` int(11) NOT NULL,
  `event_type` enum('session_start','session_end','identity_verification','environment_scan','face_not_visible','multiple_faces','looking_away','tab_switch','window_minimized','browser_leave','suspicious_audio','device_disconnected','network_issue','screen_recording_start','screen_recording_stop','manual_flag','auto_flag','proctor_message','fullscreen_exited','camera_level_low','microphone_level_low','speaker_level_low','mobile_phone_detected','unauthorized_object_detected') COLLATE utf8mb4_unicode_ci NOT NULL,
  `severity` enum('low','medium','high','critical') COLLATE utf8mb4_unicode_ci NOT NULL DEFAULT 'low',
  `timestamp` datetime NOT NULL DEFAULT CURRENT_TIMESTAMP,
  `description` text COLLATE utf8mb4_unicode_ci NOT NULL,
  `metadata` text COLLATE utf8mb4_unicode_ci,
  `screenshot_url` text COLLATE utf8mb4_unicode_ci,
  `video_timestamp` int(11) DEFAULT NULL,
  `reviewed` tinyint(1) NOT NULL DEFAULT '0',
  `reviewed_by` int(11) DEFAULT NULL,
  `reviewed_at` datetime DEFAULT NULL,
  `notes` text COLLATE utf8mb4_unicode_ci,
  `created_at` datetime NOT NULL DEFAULT CURRENT_TIMESTAMP,
  `updated_at` datetime NOT NULL DEFAULT CURRENT_TIMESTAMP ON UPDATE CURRENT_TIMESTAMP
) ENGINE=InnoDB DEFAULT CHARSET=utf8mb4 COLLATE=utf8mb4_unicode_ci;

-- --------------------------------------------------------

--
-- Table structure for table `proctoring_sessions`
--

CREATE TABLE `proctoring_sessions` (
  `id` int(11) NOT NULL,
  `quiz_id` int(11) NOT NULL,
  `student_id` int(11) NOT NULL,
  `proctor_id` int(11) DEFAULT NULL,
  `session_token` varchar(255) COLLATE utf8mb4_unicode_ci NOT NULL,
  `status` enum('setup','active','paused','completed','terminated','flagged') COLLATE utf8mb4_unicode_ci NOT NULL DEFAULT 'setup',
  `mode` enum('live_proctoring','automated_proctoring','record_review') COLLATE utf8mb4_unicode_ci NOT NULL DEFAULT 'automated_proctoring',
  `start_time` datetime NOT NULL,
  `end_time` datetime DEFAULT NULL,
  `duration_minutes` int(11) DEFAULT NULL,
  `browser_info` text COLLATE utf8mb4_unicode_ci,
  `system_info` text COLLATE utf8mb4_unicode_ci,
  `ip_address` varchar(45) COLLATE utf8mb4_unicode_ci DEFAULT NULL,
  `location_data` text COLLATE utf8mb4_unicode_ci,
  `identity_verified` tinyint(1) NOT NULL DEFAULT '0',
  `environment_verified` tinyint(1) NOT NULL DEFAULT '0',
  `flags_count` int(11) NOT NULL DEFAULT '0',
  `risk_score` decimal(5,2) NOT NULL DEFAULT '0.00',
  `recording_url` text COLLATE utf8mb4_unicode_ci,
  `notes` text COLLATE utf8mb4_unicode_ci,
  `is_connected` tinyint(1) NOT NULL DEFAULT '0' COMMENT 'Tracks if student is currently connected',
  `last_connection_time` datetime DEFAULT NULL COMMENT 'Timestamp of last student connection',
  `created_at` datetime NOT NULL DEFAULT CURRENT_TIMESTAMP,
  `updated_at` datetime NOT NULL DEFAULT CURRENT_TIMESTAMP ON UPDATE CURRENT_TIMESTAMP
) ENGINE=InnoDB DEFAULT CHARSET=utf8mb4 COLLATE=utf8mb4_unicode_ci;

-- --------------------------------------------------------

--
-- Table structure for table `proctoring_settings`
--

CREATE TABLE `proctoring_settings` (
  `id` int(11) NOT NULL,
  `quiz_id` int(11) NOT NULL,
  `enabled` tinyint(1) NOT NULL DEFAULT '0',
  `mode` enum('automated','live','record_review','disabled') COLLATE utf8mb4_unicode_ci NOT NULL DEFAULT 'automated',
  `require_identity_verification` tinyint(1) NOT NULL DEFAULT '1',
  `require_environment_scan` tinyint(1) NOT NULL DEFAULT '1',
  `allow_screen_recording` tinyint(1) NOT NULL DEFAULT '1',
  `allow_audio_monitoring` tinyint(1) NOT NULL DEFAULT '1',
  `allow_video_monitoring` tinyint(1) NOT NULL DEFAULT '1',
  `lockdown_browser` tinyint(1) NOT NULL DEFAULT '1',
  `prevent_tab_switching` tinyint(1) NOT NULL DEFAULT '1',
  `prevent_window_minimization` tinyint(1) NOT NULL DEFAULT '1',
  `prevent_copy_paste` tinyint(1) NOT NULL DEFAULT '1',
  `prevent_right_click` tinyint(1) NOT NULL DEFAULT '1',
  `max_flags_allowed` int(11) NOT NULL DEFAULT '5',
  `auto_terminate_on_high_risk` tinyint(1) NOT NULL DEFAULT '0',
  `risk_threshold` decimal(5,2) NOT NULL DEFAULT '75.00',
  `require_proctor_approval` tinyint(1) NOT NULL DEFAULT '0',
  `recording_retention_days` int(11) NOT NULL DEFAULT '90',
  `allow_multiple_faces` tinyint(1) NOT NULL DEFAULT '0',
  `face_detection_sensitivity` decimal(5,2) NOT NULL DEFAULT '70.00',
  `suspicious_behavior_detection` tinyint(1) NOT NULL DEFAULT '1',
  `alert_instructors` tinyint(1) NOT NULL DEFAULT '1',
  `alert_emails` text COLLATE utf8mb4_unicode_ci,
  `custom_instructions` text COLLATE utf8mb4_unicode_ci,
  `require_fullscreen` tinyint(1) NOT NULL DEFAULT '1' COMMENT 'Require student to stay in fullscreen mode',
  `min_camera_level` decimal(5,2) NOT NULL DEFAULT '50.00' COMMENT 'Minimum camera activity level required',
  `min_microphone_level` decimal(5,2) NOT NULL DEFAULT '50.00' COMMENT 'Minimum microphone activity level required',
  `min_speaker_level` decimal(5,2) NOT NULL DEFAULT '50.00' COMMENT 'Minimum speaker volume level required',
  `enable_face_detection` tinyint(1) NOT NULL DEFAULT '1' COMMENT 'Enable face detection',
  `enable_object_detection` tinyint(1) NOT NULL DEFAULT '1' COMMENT 'Enable object detection',
  `object_detection_sensitivity` decimal(5,2) NOT NULL DEFAULT '70.00' COMMENT 'Sensitivity for object detection',
  `created_at` datetime NOT NULL DEFAULT CURRENT_TIMESTAMP,
  `updated_at` datetime NOT NULL DEFAULT CURRENT_TIMESTAMP ON UPDATE CURRENT_TIMESTAMP
) ENGINE=InnoDB DEFAULT CHARSET=utf8mb4 COLLATE=utf8mb4_unicode_ci;

-- --------------------------------------------------------

--
-- Table structure for table `question_difficulty`
--

CREATE TABLE `question_difficulty` (
  `question_id` int(11) DEFAULT NULL,
  `quiz_id` int(11) DEFAULT NULL,
  `question_type` enum('single_choice','multiple_choice','true_false','matching','fill_blank','dropdown','numerical','algorithmic','short_answer','coding','logical_expression','drag_drop','ordering') DEFAULT NULL,
  `points` decimal(5,2) DEFAULT NULL,
  `total_attempts` bigint(21) DEFAULT NULL,
  `correct_attempts` bigint(21) DEFAULT NULL,
  `success_rate` decimal(27,4) DEFAULT NULL,
  `average_points_earned` decimal(9,6) DEFAULT NULL,
  `average_time_seconds` decimal(14,4) DEFAULT NULL
) ENGINE=InnoDB DEFAULT CHARSET=utf8;

-- --------------------------------------------------------

--
-- Table structure for table `quizzes`
--

CREATE TABLE `quizzes` (
  `id` int(11) NOT NULL,
  `title` varchar(200) NOT NULL,
  `description` text NOT NULL,
  `instructions` text,
  `status` enum('draft','in_progress','published','completed') NOT NULL DEFAULT 'draft',
  `type` enum('practice','graded','exam') NOT NULL DEFAULT 'practice',
  `time_limit` int(11) DEFAULT NULL,
  `max_attempts` int(11) DEFAULT NULL,
  `passing_score` decimal(5,2) DEFAULT NULL,
  `show_results_immediately` tinyint(1) NOT NULL DEFAULT '1',
  `randomize_questions` tinyint(1) NOT NULL DEFAULT '0',
  `show_correct_answers` tinyint(1) NOT NULL DEFAULT '0',
  `is_public` tinyint(1) NOT NULL DEFAULT '0',
  `start_date` datetime DEFAULT NULL,
  `end_date` datetime DEFAULT NULL,
  `course_id` int(11) NOT NULL,
  `created_by` int(11) NOT NULL,
  `created_at` datetime NOT NULL,
  `updated_at` datetime NOT NULL,
  `enable_automatic_grading` tinyint(1) NOT NULL DEFAULT '1',
  `require_manual_grading` tinyint(1) NOT NULL DEFAULT '0'
) ENGINE=InnoDB DEFAULT CHARSET=utf8;

--
-- Dumping data for table `quizzes`
--

INSERT INTO `quizzes` (`id`, `title`, `description`, `instructions`, `status`, `type`, `time_limit`, `max_attempts`, `passing_score`, `show_results_immediately`, `randomize_questions`, `show_correct_answers`, `is_public`, `start_date`, `end_date`, `course_id`, `created_by`, `created_at`, `updated_at`, `enable_automatic_grading`, `require_manual_grading`) VALUES
(1, 'JavaScript Fundamentals Quiz', 'Test your knowledge of JavaScript basics including variables, functions, and data types.', NULL, 'published', 'practice', 30, 3, '70.00', 1, 0, 1, 1, '2025-01-01 00:00:00', '2025-12-31 23:59:59', 1, 1, '2026-01-20 09:28:58', '2026-01-20 09:28:58', 1, 0);

-- --------------------------------------------------------

--
-- Table structure for table `quiz_analytics`
--

CREATE TABLE `quiz_analytics` (
  `quiz_id` int(11) DEFAULT NULL,
  `title` varchar(200) DEFAULT NULL,
  `course_id` int(11) DEFAULT NULL,
  `total_submissions` bigint(21) DEFAULT NULL,
  `average_score` decimal(9,6) DEFAULT NULL,
  `average_time_minutes` decimal(18,8) DEFAULT NULL,
  `pass_rate` decimal(29,4) DEFAULT NULL,
  `completed_submissions` bigint(21) DEFAULT NULL,
  `graded_submissions` bigint(21) DEFAULT NULL
) ENGINE=InnoDB DEFAULT CHARSET=utf8;

-- --------------------------------------------------------

--
-- Table structure for table `quiz_attempts`
--

CREATE TABLE `quiz_attempts` (
  `id` int(11) NOT NULL,
  `quiz_id` int(11) NOT NULL,
  `question_id` int(11) NOT NULL,
  `student_id` int(11) NOT NULL,
  `is_correct` tinyint(1) DEFAULT NULL,
  `points_earned` decimal(5,2) DEFAULT NULL,
  `time_taken` int(11) DEFAULT NULL,
  `status` enum('in_progress','completed','timed_out','abandoned') NOT NULL DEFAULT 'in_progress',
  `started_at` datetime NOT NULL,
  `completed_at` datetime DEFAULT NULL,
  `submission_id` int(11) DEFAULT NULL,
  `created_at` datetime NOT NULL,
  `updated_at` datetime NOT NULL,
  `submitted_answer` longtext CHARACTER SET utf8mb4 COLLATE utf8mb4_bin,
  `correct_answer` longtext CHARACTER SET utf8mb4 COLLATE utf8mb4_bin
) ENGINE=InnoDB DEFAULT CHARSET=utf8;

-- --------------------------------------------------------

--
-- Table structure for table `quiz_questions`
--

CREATE TABLE `quiz_questions` (
  `id` int(11) NOT NULL,
  `quiz_id` int(11) NOT NULL,
  `question_type` enum('single_choice','multiple_choice','true_false','matching','fill_blank','dropdown','numerical','algorithmic','short_answer','coding','logical_expression','drag_drop','ordering') NOT NULL,
  `question_text` text NOT NULL,
  `question_data` longtext CHARACTER SET utf8mb4 COLLATE utf8mb4_bin NOT NULL,
  `correct_answer` longtext CHARACTER SET utf8mb4 COLLATE utf8mb4_bin,
  `explanation` text,
  `points` decimal(5,2) NOT NULL,
  `order` int(11) NOT NULL,
  `time_limit` int(11) DEFAULT NULL,
  `is_required` tinyint(1) NOT NULL DEFAULT '1',
  `created_at` datetime NOT NULL,
  `updated_at` datetime NOT NULL,
  `time_limit_seconds` int(11) DEFAULT NULL COMMENT 'Time limit for this specific question in seconds',
  `created_by` int(11) NOT NULL
) ENGINE=InnoDB DEFAULT CHARSET=utf8;

-- --------------------------------------------------------

--
-- Table structure for table `quiz_submissions`
--

CREATE TABLE `quiz_submissions` (
  `id` int(11) NOT NULL,
  `quiz_id` int(11) NOT NULL,
  `student_id` int(11) NOT NULL,
  `total_score` decimal(8,2) NOT NULL,
  `max_score` decimal(8,2) NOT NULL,
  `percentage` decimal(5,2) NOT NULL,
  `status` enum('in_progress','completed','timed_out','abandoned') NOT NULL DEFAULT 'in_progress',
  `grade_status` enum('pending','graded','auto_graded') NOT NULL DEFAULT 'pending',
  `time_taken` int(11) NOT NULL,
  `started_at` datetime NOT NULL,
  `completed_at` datetime DEFAULT NULL,
  `graded_at` datetime DEFAULT NULL,
  `graded_by` int(11) DEFAULT NULL,
  `feedback` text,
  `passed` tinyint(1) NOT NULL,
  `attempt_number` int(11) NOT NULL,
  `created_at` datetime NOT NULL,
  `updated_at` datetime NOT NULL,
  `end_time` datetime DEFAULT NULL COMMENT 'Calculated end time based on quiz duration'
) ENGINE=InnoDB DEFAULT CHARSET=utf8;

-- --------------------------------------------------------

--
-- Table structure for table `submissions`
--

CREATE TABLE `submissions` (
  `id` int(11) NOT NULL,
  `assignment_id` int(11) DEFAULT NULL,
  `student_id` int(11) DEFAULT NULL,
  `status` enum('draft','submitted','late','graded','resubmitted') NOT NULL DEFAULT 'draft',
  `submitted_at` datetime DEFAULT NULL,
  `text_submission` text,
  `file_submissions` longtext CHARACTER SET utf8mb4 COLLATE utf8mb4_bin,
  `grade` longtext CHARACTER SET utf8mb4 COLLATE utf8mb4_bin,
  `feedback` text,
  `resubmissions` longtext CHARACTER SET utf8mb4 COLLATE utf8mb4_bin,
  `is_late` tinyint(1) NOT NULL DEFAULT '0',
  `comments` longtext CHARACTER SET utf8mb4 COLLATE utf8mb4_bin,
  `created_at` datetime NOT NULL,
  `updated_at` datetime NOT NULL
) ENGINE=InnoDB DEFAULT CHARSET=latin1;

--
-- Dumping data for table `submissions`
--

INSERT INTO `submissions` (`id`, `assignment_id`, `student_id`, `status`, `submitted_at`, `text_submission`, `file_submissions`, `grade`, `feedback`, `resubmissions`, `is_late`, `comments`, `created_at`, `updated_at`) VALUES
(1, 2, 6, 'submitted', '2025-10-21 18:28:51', 'This is my submission', '[{\"filename\":\"Untitled document.txt\",\"originalname\":\"Untitled document.txt\",\"path\":\"/home/uruzjktk/tm.universalbridge.rw/uploads/file_submission-1761071331869-524318548.txt\",\"size\":9606,\"mimetype\":\"text/plain\"}]', NULL, NULL, '[]', 0, '[]', '2025-10-21 18:28:51', '2025-10-21 18:28:51'),
(2, 1, 6, 'submitted', '2025-10-21 18:48:20', 'This is my submission', '[{\"filename\":\"Untitled document (1).txt\",\"originalname\":\"Untitled document (1).txt\",\"path\":\"/home/uruzjktk/tm.universalbridge.rw/uploads/file_submission-1761072500872-574920406.txt\",\"size\":9526,\"mimetype\":\"text/plain\"}]', NULL, NULL, '[]', 0, '[]', '2025-10-21 18:48:20', '2025-10-21 18:48:20'),
(3, 1, 3, 'submitted', '2025-10-21 21:33:41', 'This is testing assignment', '[{\"filename\":\"SPESE402_Software_Engineering.pdf\",\"originalname\":\"SPESE402_Software_Engineering.pdf\",\"path\":\"/home/uruzjktk/tm.universalbridge.rw/uploads/file_submission-1761082421836-5328397.pdf\",\"size\":435698,\"mimetype\":\"application/pdf\"}]', NULL, NULL, '[]', 0, '[]', '2025-10-21 21:33:41', '2025-10-21 21:33:41'),
(4, 2, 8, 'submitted', '2025-10-22 06:17:33', 'This is my submission for the student registration portal!!', '[{\"filename\":\"CODE FOR STUDENT PORTAL_ By TUNGA Tiana.pdf\",\"originalname\":\"CODE FOR STUDENT PORTAL_ By TUNGA Tiana.pdf\",\"path\":\"/home/uruzjktk/tm.universalbridge.rw/uploads/file_submission-1761113853624-13420510.pdf\",\"size\":162168,\"mimetype\":\"application/pdf\"}]', NULL, NULL, '[]', 0, '[]', '2025-10-22 06:17:33', '2025-10-22 06:17:33'),
(5, 1, 9, 'submitted', '2025-10-22 14:11:05', 'Submission', '[{\"filename\":\"my protfolio.zip\",\"originalname\":\"my protfolio.zip\",\"path\":\"/home/uruzjktk/tm.universalbridge.rw/uploads/file_submission-1761142265456-231354296.zip\",\"size\":228016,\"mimetype\":\"application/x-zip-compressed\"}]', NULL, NULL, '[]', 0, '[]', '2025-10-22 14:11:05', '2025-10-22 14:11:05'),
(8, 1, 4, 'submitted', '2025-10-22 14:55:12', 'This is My Assignment as HIRWA Brian', '[{\"filename\":\"My Assignment.zip\",\"originalname\":\"My Assignment.zip\",\"path\":\"/home/uruzjktk/tm.universalbridge.rw/uploads/file_submission-1761144912928-782733554.zip\",\"size\":6226,\"mimetype\":\"application/x-zip-compressed\"}]', NULL, NULL, '[]', 0, '[]', '2025-10-22 14:55:12', '2025-10-22 14:55:12'),
(9, 2, 4, 'submitted', '2025-10-22 14:59:29', 'This is my assignment as HIRWA Brian', '[{\"filename\":\"My Assignment.zip\",\"originalname\":\"My Assignment.zip\",\"path\":\"/home/uruzjktk/tm.universalbridge.rw/uploads/file_submission-1761145169340-220745971.zip\",\"size\":6226,\"mimetype\":\"application/x-zip-compressed\"}]', NULL, NULL, '[]', 0, '[]', '2025-10-22 14:59:29', '2025-10-22 14:59:29'),
(10, 2, 10, 'submitted', '2025-10-22 15:27:35', 'submission done', '[{\"filename\":\"student registartion form.zip\",\"originalname\":\"student registartion form.zip\",\"path\":\"/home/uruzjktk/tm.universalbridge.rw/uploads/file_submission-1761146855339-363825760.zip\",\"size\":1170,\"mimetype\":\"application/x-zip-compressed\"}]', NULL, NULL, '[]', 0, '[]', '2025-10-22 15:27:35', '2025-10-22 15:27:35'),
(11, 1, 10, 'submitted', '2025-10-22 15:28:43', 'submission done', '[{\"filename\":\"my portfolio3.zip\",\"originalname\":\"my portfolio3.zip\",\"path\":\"/home/uruzjktk/tm.universalbridge.rw/uploads/file_submission-1761146923889-790738202.zip\",\"size\":1483,\"mimetype\":\"application/x-zip-compressed\"}]', NULL, NULL, '[]', 0, '[]', '2025-10-22 15:28:43', '2025-10-22 15:28:43'),
(12, 1, 8, 'submitted', '2025-10-22 19:32:30', 'TUNGA Tiana\'s beginner portfolio', '[{\"filename\":\"Tiana\'s Portfolio.pdf\",\"originalname\":\"Tiana\'s Portfolio.pdf\",\"path\":\"/home/uruzjktk/tm.universalbridge.rw/uploads/file_submission-1761161550852-51908449.pdf\",\"size\":347784,\"mimetype\":\"application/pdf\"}]', NULL, NULL, '[]', 0, '[]', '2025-10-22 19:32:30', '2025-10-22 19:32:30'),
(13, 4, 2, 'submitted', '2025-10-23 06:14:28', 'Applied user interface design case study', '[{\"filename\":\"assignment3.docx\",\"originalname\":\"assignment3.docx\",\"path\":\"/home/uruzjktk/tm.universalbridge.rw/uploads/file_submission-1761200068053-423129511.docx\",\"size\":16423,\"mimetype\":\"application/vnd.openxmlformats-officedocument.wordprocessingml.document\"}]', NULL, NULL, '[]', 0, '[]', '2025-10-23 06:14:28', '2025-10-23 06:14:28'),
(14, 4, 10, 'submitted', '2025-10-23 14:37:59', 'submission done', '[{\"filename\":\"apui case study.pdf\",\"originalname\":\"apui case study.pdf\",\"path\":\"/home/uruzjktk/tm.universalbridge.rw/uploads/file_submission-1761230279746-171360521.pdf\",\"size\":102016,\"mimetype\":\"application/pdf\"}]', NULL, NULL, '[]', 0, '[]', '2025-10-23 14:37:59', '2025-10-23 14:37:59'),
(15, 4, 8, 'submitted', '2025-10-23 19:21:32', 'Applied User Interface Design Case Study by TUNGA Tiana', '[{\"filename\":\"Applied User Interface Design Case Study.pdf\",\"originalname\":\"Applied User Interface Design Case Study.pdf\",\"path\":\"/home/uruzjktk/tm.universalbridge.rw/uploads/file_submission-1761247292526-992609288.pdf\",\"size\":176883,\"mimetype\":\"application/pdf\"}]', NULL, NULL, '[]', 0, '[]', '2025-10-23 19:21:32', '2025-10-23 19:21:32'),
(16, 4, 4, 'submitted', '2025-10-23 19:26:30', 'This is my assignment as HIRWA Brian', '[{\"filename\":\"My assignment.docx\",\"originalname\":\"My assignment.docx\",\"path\":\"/home/uruzjktk/tm.universalbridge.rw/uploads/file_submission-1761247590545-58907596.docx\",\"size\":19840,\"mimetype\":\"application/vnd.openxmlformats-officedocument.wordprocessingml.document\"}]', NULL, NULL, '[]', 0, '[]', '2025-10-23 19:26:30', '2025-10-23 19:26:30'),
(17, 4, 6, 'submitted', '2025-10-23 19:36:35', 'Sorry teacher I couldn\'t fit evrything in 6 pages it went over  abit i hope you dont mind that . Thank youu', '[{\"filename\":\"GUI Homework.pdf\",\"originalname\":\"GUI Homework.pdf\",\"path\":\"/home/uruzjktk/tm.universalbridge.rw/uploads/file_submission-1761248195007-924056425.pdf\",\"size\":609328,\"mimetype\":\"application/pdf\"}]', NULL, NULL, '[]', 0, '[]', '2025-10-23 19:36:35', '2025-10-23 19:36:35'),
(18, 4, 11, 'submitted', '2025-10-23 21:23:24', 'NAMES: NKUSI MALVYN', '[{\"filename\":\"Applied User Interface Design Case Study..docx\",\"originalname\":\"Applied User Interface Design Case Study..docx\",\"path\":\"/home/uruzjktk/tm.universalbridge.rw/uploads/file_submission-1761254604170-183411684.docx\",\"size\":23692,\"mimetype\":\"application/vnd.openxmlformats-officedocument.wordprocessingml.document\"}]', NULL, NULL, '[]', 0, '[]', '2025-10-23 21:23:24', '2025-10-23 21:23:24'),
(19, 5, 12, 'graded', '2025-10-27 09:57:20', 'Here is my submission', '[{\"filename\":\"html exam.pdf\",\"originalname\":\"html exam.pdf\",\"path\":\"/home/uruzjktk/tm.universalbridge.rw/uploads/file_submission-1761559040617-470323588.pdf\",\"size\":74384,\"mimetype\":\"application/pdf\"}]', '96/100', NULL, '[]', 0, '[]', '2025-10-27 09:57:20', '2025-12-19 10:44:53'),
(20, 5, 6, 'graded', '2025-10-27 09:57:23', 'This is my test', '[{\"filename\":\"Theoratical test.pdf\",\"originalname\":\"Theoratical test.pdf\",\"path\":\"/home/uruzjktk/tm.universalbridge.rw/uploads/file_submission-1761559043267-724036693.pdf\",\"size\":107887,\"mimetype\":\"application/pdf\"}]', '95/100', NULL, '[]', 0, '[]', '2025-10-27 09:57:23', '2025-12-19 10:37:21'),
(21, 5, 2, 'graded', '2025-10-27 09:58:37', 'quiz', '[{\"filename\":\"ISHIMWE KENY KELVIN.pdf\",\"originalname\":\"ISHIMWE KENY KELVIN.pdf\",\"path\":\"/home/uruzjktk/tm.universalbridge.rw/uploads/file_submission-1761559117882-948235059.pdf\",\"size\":220462,\"mimetype\":\"application/pdf\"}]', '96/100', NULL, '[]', 0, '[]', '2025-10-27 09:58:37', '2025-12-19 10:36:21'),
(22, 5, 10, 'graded', '2025-10-27 09:58:52', 'submission done', '[{\"filename\":\"User interface test.docx\",\"originalname\":\"User interface test.docx\",\"path\":\"/home/uruzjktk/tm.universalbridge.rw/uploads/file_submission-1761559132125-82384750.docx\",\"size\":16030,\"mimetype\":\"application/vnd.openxmlformats-officedocument.wordprocessingml.document\"}]', '93/100', NULL, '[]', 0, '[]', '2025-10-27 09:58:52', '2025-12-19 10:41:07'),
(23, 5, 4, 'graded', '2025-10-27 09:59:39', 'This is my work Brian', '[{\"filename\":\"My Work.pdf\",\"originalname\":\"My Work.pdf\",\"path\":\"/home/uruzjktk/tm.universalbridge.rw/uploads/file_submission-1761559179256-403518260.pdf\",\"size\":124868,\"mimetype\":\"application/pdf\"}]', '90/100', NULL, '[]', 0, '[]', '2025-10-27 09:59:39', '2025-12-19 10:35:28'),
(24, 5, 7, 'graded', '2025-10-27 09:59:50', 'Levi', '[{\"filename\":\"Untitled document.pdf\",\"originalname\":\"Untitled document.pdf\",\"path\":\"/home/uruzjktk/tm.universalbridge.rw/uploads/file_submission-1761559190540-837468105.pdf\",\"size\":77540,\"mimetype\":\"application/pdf\"}]', '98/100', NULL, '[]', 0, '[]', '2025-10-27 09:59:50', '2025-12-19 10:37:59'),
(25, 5, 11, 'graded', '2025-10-27 10:03:27', 'TEST by MALVYN', '[{\"filename\":\"TEST.pdf\",\"originalname\":\"TEST.pdf\",\"path\":\"/home/uruzjktk/tm.universalbridge.rw/uploads/file_submission-1761559407823-382709167.pdf\",\"size\":443901,\"mimetype\":\"application/pdf\"}]', '95/100', NULL, '[]', 0, '[]', '2025-10-27 10:03:27', '2025-12-19 10:44:08'),
(26, 5, 8, 'graded', '2025-10-27 10:04:20', 'TUNGA Tiana test submission', '[{\"filename\":\"DEVELOPMENT OF WEB USER INTERFACE_  QUIZ_-.pdf\",\"originalname\":\"DEVELOPMENT OF WEB USER INTERFACE_  QUIZ_-.pdf\",\"path\":\"/home/uruzjktk/tm.universalbridge.rw/uploads/file_submission-1761559460292-359304237.pdf\",\"size\":87691,\"mimetype\":\"application/pdf\"}]', '94/100', NULL, '[]', 0, '[]', '2025-10-27 10:04:20', '2025-12-19 10:39:02'),
(27, 5, 9, 'graded', '2025-10-27 10:05:08', 'submission isaro deborah quiz', '[{\"filename\":\"Untitled document (1).pdf\",\"originalname\":\"Untitled document (1).pdf\",\"path\":\"/home/uruzjktk/tm.universalbridge.rw/uploads/file_submission-1761559508559-258724557.pdf\",\"size\":178828,\"mimetype\":\"application/pdf\"}]', '95/100', NULL, '[]', 0, '[]', '2025-10-27 10:05:08', '2025-12-19 10:42:42'),
(28, 7, 6, 'graded', '2025-10-29 14:06:52', 'This is my submission for the test', '[{\"filename\":\"Test.pdf\",\"originalname\":\"Test.pdf\",\"path\":\"/home/uruzjktk/tm.universalbridge.rw/uploads/file_submission-1761746812171-109719794.pdf\",\"size\":55126,\"mimetype\":\"application/pdf\"}]', '94/100', NULL, '[]', 0, '[]', '2025-10-29 14:06:52', '2025-12-19 10:21:41'),
(29, 7, 12, 'graded', '2025-10-29 14:13:01', 'Here is my test.', '[{\"filename\":\"gui test.pdf\",\"originalname\":\"gui test.pdf\",\"path\":\"/home/uruzjktk/tm.universalbridge.rw/uploads/file_submission-1761747181263-168758142.pdf\",\"size\":93701,\"mimetype\":\"application/pdf\"}]', '95/100', NULL, '[]', 0, '[]', '2025-10-29 14:13:01', '2025-12-19 10:25:25'),
(30, 7, 9, 'graded', '2025-10-29 14:15:39', 'ISARO DEBORAH', '[{\"filename\":\"Untitled document (2).pdf\",\"originalname\":\"Untitled document (2).pdf\",\"path\":\"/home/uruzjktk/tm.universalbridge.rw/uploads/file_submission-1761747339872-737178204.pdf\",\"size\":146667,\"mimetype\":\"application/pdf\"}]', '94/100', NULL, '[]', 0, '[]', '2025-10-29 14:15:39', '2025-12-19 10:22:49'),
(31, 7, 2, 'graded', '2025-10-29 14:18:18', 'GUI DESIGN', '[{\"filename\":\"GUI DESIGN QUIZ.pdf\",\"originalname\":\"GUI DESIGN QUIZ.pdf\",\"path\":\"/home/uruzjktk/tm.universalbridge.rw/uploads/file_submission-1761747498335-236174038.pdf\",\"size\":420880,\"mimetype\":\"application/pdf\"}]', '95/100', NULL, '[]', 0, '[]', '2025-10-29 14:18:18', '2025-12-19 10:23:19'),
(32, 7, 7, 'graded', '2025-10-29 14:20:34', 'My work (levi)', '[{\"filename\":\"Untitled document.pdf\",\"originalname\":\"Untitled document.pdf\",\"path\":\"/home/uruzjktk/tm.universalbridge.rw/uploads/file_submission-1761747634691-994673778.pdf\",\"size\":98553,\"mimetype\":\"application/pdf\"}]', '98/100', NULL, '[]', 0, '[]', '2025-10-29 14:20:34', '2025-12-19 10:24:31'),
(33, 7, 8, 'graded', '2025-10-29 14:20:35', 'Quiz: TUNGA Tiana', '[{\"filename\":\"SECTION A â Understanding and Explanation_ By TUNGA Tiana.pdf\",\"originalname\":\"SECTION A â Understanding and Explanation_ By TUNGA Tiana.pdf\",\"path\":\"/home/uruzjktk/tm.universalbridge.rw/uploads/file_submission-1761747635965-497732990.pdf\",\"size\":125847,\"mimetype\":\"application/pdf\"}]', '95/100', NULL, '[]', 0, '[]', '2025-10-29 14:20:35', '2025-12-19 10:25:00'),
(34, 7, 10, 'graded', '2025-10-29 14:21:03', 'done', '[{\"filename\":\"work of gui.docx\",\"originalname\":\"work of gui.docx\",\"path\":\"/home/uruzjktk/tm.universalbridge.rw/uploads/file_submission-1761747663595-976046499.docx\",\"size\":16448,\"mimetype\":\"application/vnd.openxmlformats-officedocument.wordprocessingml.document\"}]', '94/100', NULL, '[]', 0, '[]', '2025-10-29 14:21:03', '2025-12-19 10:23:55'),
(35, 7, 11, 'graded', '2025-10-29 14:21:36', 'GUI DESIGN TEST (MALVYN)', '[{\"filename\":\"GUI DESIGN TEST.docx\",\"originalname\":\"GUI DESIGN TEST.docx\",\"path\":\"/home/uruzjktk/tm.universalbridge.rw/uploads/file_submission-1761747696538-988344807.docx\",\"size\":14843,\"mimetype\":\"application/vnd.openxmlformats-officedocument.wordprocessingml.document\"}]', '96/100', NULL, '[]', 0, '[]', '2025-10-29 14:21:36', '2025-12-19 10:25:51'),
(36, 7, 4, 'graded', '2025-10-29 14:22:07', 'My assignment as HIRWA Brian', '[{\"filename\":\"Assignment.docx.pdf\",\"originalname\":\"Assignment.docx.pdf\",\"path\":\"/home/uruzjktk/tm.universalbridge.rw/uploads/file_submission-1761747727839-895464209.pdf\",\"size\":121887,\"mimetype\":\"application/pdf\"}]', '90/100', NULL, '[]', 0, '[]', '2025-10-29 14:22:07', '2025-12-19 10:22:16');

-- --------------------------------------------------------

--
-- Table structure for table `users`
--

CREATE TABLE `users` (
  `id` int(11) NOT NULL,
  `first_name` varchar(50) COLLATE utf8mb4_unicode_ci NOT NULL,
  `last_name` varchar(50) COLLATE utf8mb4_unicode_ci NOT NULL,
  `email` varchar(100) COLLATE utf8mb4_unicode_ci NOT NULL,
  `password` varchar(255) COLLATE utf8mb4_unicode_ci NOT NULL,
  `role` enum('student','instructor','admin') COLLATE utf8mb4_unicode_ci NOT NULL DEFAULT 'student',
  `profile_image` varchar(255) COLLATE utf8mb4_unicode_ci DEFAULT NULL,
  `reset_password_token` varchar(255) COLLATE utf8mb4_unicode_ci DEFAULT NULL,
  `reset_password_expire` datetime DEFAULT NULL,
  `created_at` datetime NOT NULL,
  `updated_at` datetime NOT NULL
) ENGINE=InnoDB DEFAULT CHARSET=utf8mb4 COLLATE=utf8mb4_unicode_ci;

--
-- Dumping data for table `users`
--

INSERT INTO `users` (`id`, `first_name`, `last_name`, `email`, `password`, `role`, `profile_image`, `reset_password_token`, `reset_password_expire`, `created_at`, `updated_at`) VALUES
(1, 'Niyongabo', 'Emmanuel', 'emmanuelniyongabo44@gmail.com', '$2a$10$nqyv3Kv9ckNEDI/M0GUvCO4LQ.jn1WHhuIP9LJll4MT2R8QuCWBle', 'instructor', 'profile-1-1761043999828-265929806.png', NULL, NULL, '2025-10-20 11:14:00', '2025-10-21 10:53:19'),
(2, 'ISHIMWE', 'Keny kelvin', 'ikennykelvin75@gmail.com', '$2a$10$nqyv3Kv9ckNEDI/M0GUvCO4LQ.jn1WHhuIP9LJll4MT2R8QuCWBle', 'student', NULL, NULL, NULL, '2025-10-20 11:55:50', '2025-10-20 11:55:50'),
(3, 'Doe', 'John', 'johndoe@gmail.com', '$2a$10$nqyv3Kv9ckNEDI/M0GUvCO4LQ.jn1WHhuIP9LJll4MT2R8QuCWBle', 'student', 'profile-3-1761083249609-332328628.png', NULL, NULL, '2025-10-20 13:54:42', '2025-10-21 21:47:29'),
(4, 'HIRWA', 'Brian', 'bhirwa344@gmail.com', '$2a$10$nqyv3Kv9ckNEDI/M0GUvCO4LQ.jn1WHhuIP9LJll4MT2R8QuCWBle', 'student', NULL, NULL, NULL, '2025-10-20 14:17:50', '2025-10-22 14:13:05'),
(5, 'Tuyishimire', 'Eric', 'tuyishimireericc@gmail.com', '$2a$10$nqyv3Kv9ckNEDI/M0GUvCO4LQ.jn1WHhuIP9LJll4MT2R8QuCWBle', 'instructor', NULL, NULL, NULL, '2025-10-20 14:28:30', '2025-10-20 14:28:30'),
(6, 'Utuje Oceanne', 'Camilla', 'utujeocean@gmail.com', '$2a$10$nqyv3Kv9ckNEDI/M0GUvCO4LQ.jn1WHhuIP9LJll4MT2R8QuCWBle', 'student', NULL, NULL, NULL, '2025-10-20 17:26:20', '2025-10-20 17:26:20'),
(7, 'Levi', 'Gatimu', 'getmorelev@gmail.com', '$2a$10$nqyv3Kv9ckNEDI/M0GUvCO4LQ.jn1WHhuIP9LJll4MT2R8QuCWBle', 'student', NULL, NULL, NULL, '2025-10-20 18:25:38', '2025-10-20 18:25:38'),
(8, 'TUNGA', 'Tiana', 'tianatunga@gmail.com', '$2a$10$nqyv3Kv9ckNEDI/M0GUvCO4LQ.jn1WHhuIP9LJll4MT2R8QuCWBle', 'student', 'profile-8-1761577007815-10406563.jpg', NULL, NULL, '2025-10-21 05:33:34', '2025-10-27 14:56:47'),
(9, 'Isaro', 'Deborah', 'isarodeborah85@gmail.com', '$2a$10$nqyv3Kv9ckNEDI/M0GUvCO4LQ.jn1WHhuIP9LJll4MT2R8QuCWBle', 'student', NULL, NULL, NULL, '2025-10-21 05:43:33', '2025-10-21 05:43:33'),
(10, 'Kheilla', 'Vera', 'kheillavera@gmail.com', '$2a$10$nqyv3Kv9ckNEDI/M0GUvCO4LQ.jn1WHhuIP9LJll4MT2R8QuCWBle', 'student', NULL, NULL, NULL, '2025-10-21 05:44:48', '2025-10-21 18:38:27'),
(11, 'Nkusi', 'Malvyn', 'malvyn304@gmail.com', '$2a$10$nqyv3Kv9ckNEDI/M0GUvCO4LQ.jn1WHhuIP9LJll4MT2R8QuCWBle', 'student', 'profile-11-1761292850134-61096645.jpg', NULL, NULL, '2025-10-22 14:39:46', '2025-10-24 08:00:50'),
(12, 'Mugisha', 'Alpha', 'tigerkev07@gmail.com', '$2a$10$nqyv3Kv9ckNEDI/M0GUvCO4LQ.jn1WHhuIP9LJll4MT2R8QuCWBle', 'student', 'profile-12-1761745463410-110217413.png', NULL, NULL, '2025-10-23 07:02:55', '2025-10-29 13:44:23'),
(13, '345678', '45678', 'emmanuelniyongabo12@gmail.com', '$2a$10$nqyv3Kv9ckNEDI/M0GUvCO4LQ.jn1WHhuIP9LJll4MT2R8QuCWBle', 'student', NULL, NULL, NULL, '2026-01-14 15:53:32', '2026-01-14 15:53:32');

-- --------------------------------------------------------

--
-- Table structure for table `user_courses`
--

CREATE TABLE `user_courses` (
  `id` int(11) NOT NULL,
  `user_id` int(11) NOT NULL,
  `course_id` int(11) NOT NULL,
  `enrollment_date` datetime NOT NULL,
  `completion_date` datetime DEFAULT NULL,
  `status` enum('enrolled','completed','dropped') NOT NULL DEFAULT 'enrolled',
  `grade` varchar(2) DEFAULT NULL,
  `created_at` datetime NOT NULL,
  `updated_at` datetime NOT NULL
) ENGINE=InnoDB DEFAULT CHARSET=latin1;

--
-- Dumping data for table `user_courses`
--

INSERT INTO `user_courses` (`id`, `user_id`, `course_id`, `enrollment_date`, `completion_date`, `status`, `grade`, `created_at`, `updated_at`) VALUES
(1, 3, 1, '2025-10-20 13:56:25', NULL, 'enrolled', NULL, '2025-10-20 13:56:25', '2025-10-20 18:12:46'),
(2, 4, 1, '2025-10-20 14:34:54', NULL, 'enrolled', NULL, '2025-10-20 14:34:54', '2025-10-20 14:34:54'),
(3, 2, 1, '2025-10-20 14:34:54', NULL, 'enrolled', NULL, '2025-10-20 14:34:54', '2025-10-20 14:34:54'),
(4, 6, 1, '2025-10-20 18:09:13', NULL, 'enrolled', NULL, '2025-10-20 18:09:13', '2025-10-20 18:09:13'),
(5, 7, 1, '2025-10-20 18:32:51', NULL, 'enrolled', NULL, '2025-10-20 18:32:51', '2025-10-20 18:32:51'),
(6, 8, 1, '2025-10-21 08:01:31', NULL, 'enrolled', NULL, '2025-10-21 08:01:31', '2025-10-21 08:01:31'),
(7, 10, 1, '2025-10-21 08:01:31', NULL, 'enrolled', NULL, '2025-10-21 08:01:31', '2025-10-21 08:01:31'),
(8, 9, 1, '2025-10-21 08:01:31', NULL, 'enrolled', NULL, '2025-10-21 08:01:31', '2025-10-21 08:01:31'),
(9, 11, 1, '2025-10-22 15:37:29', NULL, 'enrolled', NULL, '2025-10-22 15:37:29', '2025-10-22 15:37:29'),
(10, 3, 2, '2025-10-22 15:45:27', NULL, 'enrolled', NULL, '2025-10-22 15:45:27', '2025-10-22 15:45:27'),
(11, 4, 2, '2025-10-22 15:45:27', NULL, 'enrolled', NULL, '2025-10-22 15:45:27', '2025-10-22 15:45:27'),
(12, 9, 2, '2025-10-22 15:45:27', NULL, 'enrolled', NULL, '2025-10-22 15:45:27', '2025-10-22 15:45:27'),
(13, 2, 2, '2025-10-22 15:45:27', NULL, 'enrolled', NULL, '2025-10-22 15:45:27', '2025-10-22 15:45:27'),
(14, 10, 2, '2025-10-22 15:45:27', NULL, 'enrolled', NULL, '2025-10-22 15:45:27', '2025-10-22 15:45:27'),
(15, 7, 2, '2025-10-22 15:45:27', NULL, 'enrolled', NULL, '2025-10-22 15:45:27', '2025-10-22 15:45:27'),
(16, 11, 2, '2025-10-22 15:45:27', NULL, 'enrolled', NULL, '2025-10-22 15:45:27', '2025-10-22 15:45:27'),
(17, 8, 2, '2025-10-22 15:45:27', NULL, 'enrolled', NULL, '2025-10-22 15:45:27', '2025-10-22 15:45:27'),
(18, 6, 2, '2025-10-22 15:45:27', NULL, 'enrolled', NULL, '2025-10-22 15:45:27', '2025-10-22 15:45:27'),
(19, 12, 2, '2025-10-25 11:08:16', NULL, 'enrolled', NULL, '2025-10-25 11:08:16', '2025-10-25 11:08:16'),
(20, 12, 1, '2025-10-25 11:08:16', NULL, 'enrolled', NULL, '2025-10-25 11:08:16', '2025-10-25 11:08:16');

--
-- Indexes for dumped tables
--

--
-- Indexes for table `assignments`
--
ALTER TABLE `assignments`
  ADD PRIMARY KEY (`id`),
  ADD KEY `course_id` (`course_id`),
  ADD KEY `created_by` (`created_by`);

--
-- Indexes for table `courses`
--
ALTER TABLE `courses`
  ADD PRIMARY KEY (`id`),
  ADD UNIQUE KEY `courses_code_unique` (`code`),
  ADD KEY `instructor_id` (`instructor_id`);

--
-- Indexes for table `proctoring_events`
--
ALTER TABLE `proctoring_events`
  ADD PRIMARY KEY (`id`),
  ADD KEY `session_id` (`session_id`),
  ADD KEY `timestamp` (`timestamp`),
  ADD KEY `severity` (`severity`),
  ADD KEY `reviewed_by` (`reviewed_by`);

--
-- Indexes for table `proctoring_sessions`
--
ALTER TABLE `proctoring_sessions`
  ADD PRIMARY KEY (`id`),
  ADD UNIQUE KEY `session_token` (`session_token`),
  ADD UNIQUE KEY `uk_session_token` (`session_token`),
  ADD KEY `quiz_id` (`quiz_id`),
  ADD KEY `student_id` (`student_id`),
  ADD KEY `proctor_id` (`proctor_id`),
  ADD KEY `status` (`status`),
  ADD KEY `start_time` (`start_time`);

--
-- Indexes for table `proctoring_settings`
--
ALTER TABLE `proctoring_settings`
  ADD PRIMARY KEY (`id`),
  ADD UNIQUE KEY `uk_quiz_id` (`quiz_id`),
  ADD KEY `enabled` (`enabled`);

--
-- Indexes for table `quizzes`
--
ALTER TABLE `quizzes`
  ADD PRIMARY KEY (`id`),
  ADD KEY `course_id` (`course_id`),
  ADD KEY `created_by` (`created_by`),
  ADD KEY `idx_quizzes_is_public` (`is_public`),
  ADD KEY `idx_quizzes_status_public` (`status`,`is_public`);

--
-- Indexes for table `quiz_attempts`
--
ALTER TABLE `quiz_attempts`
  ADD PRIMARY KEY (`id`),
  ADD KEY `question_id` (`question_id`),
  ADD KEY `student_id` (`student_id`),
  ADD KEY `submission_id` (`submission_id`),
  ADD KEY `idx_quiz_attempts_quiz_question_student` (`quiz_id`,`question_id`,`student_id`);

--
-- Indexes for table `quiz_questions`
--
ALTER TABLE `quiz_questions`
  ADD PRIMARY KEY (`id`),
  ADD KEY `idx_quiz_questions_quiz_order` (`quiz_id`,`order`);

--
-- Indexes for table `quiz_submissions`
--
ALTER TABLE `quiz_submissions`
  ADD PRIMARY KEY (`id`),
  ADD UNIQUE KEY `uk_student_quiz_attempt` (`student_id`,`quiz_id`,`attempt_number`),
  ADD KEY `quiz_id` (`quiz_id`),
  ADD KEY `graded_by` (`graded_by`),
  ADD KEY `idx_quiz_submissions_student_quiz_status` (`student_id`,`quiz_id`,`status`);

--
-- Indexes for table `submissions`
--
ALTER TABLE `submissions`
  ADD PRIMARY KEY (`id`),
  ADD UNIQUE KEY `unique_assignment_student` (`assignment_id`,`student_id`),
  ADD KEY `submissions_student_id` (`student_id`),
  ADD KEY `submissions_assignment_id` (`assignment_id`),
  ADD KEY `submissions_status` (`status`),
  ADD KEY `submissions_submitted_at` (`submitted_at`);

--
-- Indexes for table `users`
--
ALTER TABLE `users`
  ADD PRIMARY KEY (`id`),
  ADD UNIQUE KEY `email` (`email`);

--
-- Indexes for table `user_courses`
--
ALTER TABLE `user_courses`
  ADD PRIMARY KEY (`id`),
  ADD UNIQUE KEY `user_courses_course_id_user_id_unique` (`user_id`,`course_id`),
  ADD UNIQUE KEY `unique_user_course` (`user_id`,`course_id`),
  ADD KEY `course_id` (`course_id`);

--
-- AUTO_INCREMENT for dumped tables
--

--
-- AUTO_INCREMENT for table `assignments`
--
ALTER TABLE `assignments`
  MODIFY `id` int(11) NOT NULL AUTO_INCREMENT, AUTO_INCREMENT=8;

--
-- AUTO_INCREMENT for table `courses`
--
ALTER TABLE `courses`
  MODIFY `id` int(11) NOT NULL AUTO_INCREMENT, AUTO_INCREMENT=3;

--
-- AUTO_INCREMENT for table `proctoring_events`
--
ALTER TABLE `proctoring_events`
  MODIFY `id` int(11) NOT NULL AUTO_INCREMENT;

--
-- AUTO_INCREMENT for table `proctoring_sessions`
--
ALTER TABLE `proctoring_sessions`
  MODIFY `id` int(11) NOT NULL AUTO_INCREMENT;

--
-- AUTO_INCREMENT for table `proctoring_settings`
--
ALTER TABLE `proctoring_settings`
  MODIFY `id` int(11) NOT NULL AUTO_INCREMENT;

--
-- AUTO_INCREMENT for table `quizzes`
--
ALTER TABLE `quizzes`
  MODIFY `id` int(11) NOT NULL AUTO_INCREMENT, AUTO_INCREMENT=2;

--
-- AUTO_INCREMENT for table `quiz_attempts`
--
ALTER TABLE `quiz_attempts`
  MODIFY `id` int(11) NOT NULL AUTO_INCREMENT;

--
-- AUTO_INCREMENT for table `quiz_questions`
--
ALTER TABLE `quiz_questions`
  MODIFY `id` int(11) NOT NULL AUTO_INCREMENT;

--
-- AUTO_INCREMENT for table `quiz_submissions`
--
ALTER TABLE `quiz_submissions`
  MODIFY `id` int(11) NOT NULL AUTO_INCREMENT;

--
-- AUTO_INCREMENT for table `submissions`
--
ALTER TABLE `submissions`
  MODIFY `id` int(11) NOT NULL AUTO_INCREMENT, AUTO_INCREMENT=37;

--
-- AUTO_INCREMENT for table `users`
--
ALTER TABLE `users`
  MODIFY `id` int(11) NOT NULL AUTO_INCREMENT, AUTO_INCREMENT=14;
COMMIT;

/*!40101 SET CHARACTER_SET_CLIENT=@OLD_CHARACTER_SET_CLIENT */;
/*!40101 SET CHARACTER_SET_RESULTS=@OLD_CHARACTER_SET_RESULTS */;
/*!40101 SET COLLATION_CONNECTION=@OLD_COLLATION_CONNECTION */;
